,A.1 Total Costs,A.1_Expected Number of Deaths,A.2 Total Costs,A.2_Expected Number of Deaths,A.3 Total Costs,A.3_Expected Number of Deaths,A.4 Total Costs,A.4_Expected Number of Deaths,A.5 Total Costs,A.5_Expected Number of Deaths,RfR Total Costs,Expected Evacuation Costs,Total Expected Number of Deaths
0,2534609852.1298127,1.5750138519163068,0.0,0.0,1643298400.687889,2.4923344640227048,0.0,0.0,0.0,0.0,0.0,0.0,4.067348315939012
1,1220179567.1131034,1.0293720518839535,66194309.60682394,0.07449621946171095,1304746372.3804574,2.7483673204427843,0.0,0.0,0.0,0.0,0.0,0.0,3.8522355917884488
2,163293536.50366902,0.1157920015180496,216079155.6200745,0.1976943503174678,1669066820.5384314,2.835420563285985,0.0,0.0,0.0,0.0,0.0,0.0,3.1489069151215023
3,2233349457.419664,1.560080792674572,0.0,0.0,1473012841.5124855,2.5299840814269974,0.0,0.0,0.0,0.0,0.0,0.0,4.09006487410157
4,1994482265.419149,1.562638302055705,0.0,0.0,467096391.0057908,0.8947966482227563,0.0,0.0,0.0,0.0,0.0,0.0,2.4574349502784614
5,1350499824.0578725,0.9119321084104882,69244616.06085011,0.06205039104198876,1628935744.0659595,2.7324520747306327,0.0,0.0,0.0,0.0,0.0,0.0,3.7064345741831097
6,1638158075.8555849,1.0304747333406592,39026616.77819046,0.032898724945979924,1748554673.5192726,2.744480757377381,0.0,0.0,0.0,0.0,0.0,0.0,3.8078542156640203
7,2428490443.153799,1.4181511527789046,99243109.9596006,0.07645494330932465,1817525828.4273648,2.641179441664065,0.0,0.0,0.0,0.0,0.0,0.0,4.1357855377522945
8,1997294248.9441237,1.565392455570876,0.0,0.0,961005991.9085914,1.8496541958439643,431899.63120610756,0.00014283554257717455,0.0,0.0,0.0,0.0,3.4151894869574178
9,274602031.3323387,0.2628839241362028,337186758.80871713,0.4117958210626451,1197027770.237544,2.7741484756069092,0.0,0.0,0.0,0.0,0.0,0.0,3.4488282208057575
10,375614141.6918863,0.3343360476580379,122266747.59667604,0.14326129429602716,1296526943.9663813,2.8330418655273144,0.0,0.0,0.0,0.0,0.0,0.0,3.3106392074813797
11,2126930422.6693614,1.569543565653002,19024721.256008197,0.019963664845878897,1459750159.5282712,2.7116980864454434,0.0,0.0,0.0,0.0,0.0,0.0,4.3012053169443245
12,2293048532.7695932,1.5765289066311818,0.0,0.0,352014420.06118286,0.5941847056255559,0.0,0.0,0.0,0.0,0.0,0.0,2.170713612256738
13,1892956194.81563,1.3955086895979032,9201635.045192204,0.009457280107122979,1445935804.9526682,2.6720183046220165,0.0,0.0,0.0,0.0,0.0,0.0,4.076984274327042
14,114876828.5154959,0.11119685194423036,179571251.2999213,0.2235101245772317,1194592357.149321,2.7655659052373345,0.0,0.0,0.0,0.0,0.0,0.0,3.1002728817587966
15,2105750170.2373161,1.5574855035081887,68962372.19815023,0.06900618488876614,1409396325.8000598,2.5833996502093437,0.0,0.0,0.0,0.0,0.0,0.0,4.209891338606298
16,2496917578.8142376,1.545783670906849,0.0,0.0,84622546.61048186,0.12824877724039854,0.0,0.0,0.0,0.0,0.0,0.0,1.6740324481472477
17,1963866864.1225922,1.5326718184587187,8897392.156270381,0.009986506395389158,1374300299.069996,2.7136841637937352,0.0,0.0,0.0,0.0,0.0,0.0,4.256342488647843
18,2251317541.9473557,1.5757812352094156,0.0,0.0,1507137703.1441514,2.622141390441453,0.0,0.0,0.0,0.0,0.0,0.0,4.197922625650868
19,2244180715.627087,1.569543565653002,0.0,0.0,1506201306.9173324,2.6196087150077982,0.0,0.0,0.0,0.0,0.0,0.0,4.1891522806608
20,2167252690.934168,1.5023907712854483,0.0,0.0,1066977544.4290533,1.8212357919610804,0.0,0.0,0.0,0.0,0.0,0.0,3.3236265632465285
21,2918279742.270589,1.5574855035081887,0.0,0.0,2001588894.8980372,2.683560872551092,13540692.59043783,0.004979116880799135,0.0,0.0,0.0,0.0,4.246025492940079
22,2248177391.724874,1.5730366384314347,0.0,0.0,273125551.1407132,0.4683895375447399,0.0,0.0,0.0,0.0,0.0,0.0,2.0414261759761745
23,485403105.16498166,0.32785366534051386,0.0,0.0,1694512670.2750034,2.812536418982538,0.0,0.0,0.0,0.0,0.0,0.0,3.140390084323052
24,2495254484.365791,1.5444949196278448,0.0,0.0,143012724.59888393,0.21754684582956446,0.0,0.0,0.0,0.0,0.0,0.0,1.7620417654574092
25,154153908.46640345,0.11486929129559577,34138301.111393295,0.03402701641729765,1586782926.234409,2.8381089901961896,0.0,0.0,0.0,0.0,0.0,0.0,2.987005297909083
26,2245623708.925353,1.5708047362726911,0.0,0.0,678313710.9174056,1.1691225477700715,0.0,0.0,0.0,0.0,0.0,0.0,2.7399272840427624
27,148072610.4524675,0.1172681406921542,0.0,0.0,1517440460.9276295,2.8930506287494953,0.0,0.0,10858190.317960884,0.010533092961723127,0.0,0.0,3.0208518624033727
28,2752348325.129184,1.5569029353197117,0.0,0.0,1860776972.4784527,2.6229559501127184,8595780.547355274,0.002172392494551457,0.0,0.0,0.0,0.0,4.182031277926981
29,244748605.1249102,0.21468456450405526,127739256.5324733,0.1467891397919628,1341292507.9710672,2.8658035116574685,0.0,0.0,0.0,0.0,0.0,0.0,3.2272772159534866
30,149007198.9415,0.11026646966361177,0.0,0.0,1560118905.4757025,2.765040899224604,0.0,0.0,0.0,0.0,0.0,0.0,2.875307368888216
31,56597295.24772973,0.050538870632229664,17171789.590937287,0.020712745043061725,1324880160.069841,2.8145436460246622,24757006.91714304,0.013737710438913843,0.0,0.0,0.0,0.0,2.8995329721388674
32,1392004566.2947102,1.0187887144137346,0.0,0.0,1499698799.2240696,2.7448273356202533,0.0,0.0,0.0,0.0,0.0,0.0,3.763616050033988
33,2650690563.7933245,1.5678660866969754,23193923.153330885,0.01906551562049873,1777693289.398872,2.6129994752912813,0.0,0.0,0.0,0.0,0.0,0.0,4.199931077608755
34,2207732628.4146094,1.5377189942264071,20083243.59426637,0.019982990510994333,1541210934.4124086,2.714619904403484,0.0,0.0,0.0,0.0,0.0,0.0,4.272321889140885
35,2377332969.394755,1.5427317434860353,0.0,0.0,438105975.53928834,0.7048761695686353,0.0,0.0,0.0,0.0,0.0,0.0,2.2476079130546704
36,129592807.82203272,0.1150403398339375,0.0,0.0,1334127292.114533,2.8434585570198108,19619257.963188667,0.01099849414496617,3497798.430769845,0.0038773987688830907,0.0,0.0,2.9733747897675973
37,1719517644.9791315,1.5711031763198382,0.0,0.0,1172144711.5537965,2.686849178998828,0.0,0.0,0.0,0.0,0.0,0.0,4.2579523553186664
38,2535598640.802897,1.5757812352094156,0.0,0.0,1232048406.1105173,1.8939171014275944,0.0,0.0,0.0,0.0,0.0,0.0,3.46969833663701
39,138735150.23408777,0.1161216663069582,158439546.16510347,0.1716093291057793,1417104399.91275,2.8426604228225267,0.0,0.0,0.0,0.0,0.0,0.0,3.130391418235264
40,165792397.00205725,0.11505827786945586,356867605.2241154,0.3147562164483738,1695619606.5747573,2.8153428848764426,0.0,0.0,764553363.3762176,0.6099281967711523,0.0,0.0,3.8550855759654246
41,2228534197.470175,1.5558756639846805,0.0,0.0,1077662750.7583604,1.850064904171806,0.0,0.0,0.0,0.0,0.0,0.0,3.4059405681564865
42,1918297402.0512125,1.42566362546618,0.0,0.0,1422649329.1669593,2.6212730494067165,0.0,0.0,0.0,0.0,0.0,0.0,4.046936674872897
43,1980341579.8960774,1.5487940996052803,0.0,0.0,955270930.7189534,1.8323049006045549,0.0,0.0,0.0,0.0,0.0,0.0,3.381099000209835
44,2771324557.6334605,1.5703327308863213,0.0,0.0,508622206.2287235,0.716022619064812,0.0,0.0,0.0,0.0,0.0,0.0,2.2863553499511333
45,2282547824.044024,1.5675149523071492,0.0,0.0,884384729.2501882,1.4874647574114417,0.0,0.0,0.0,0.0,0.0,0.0,3.054979709718591
46,2340601108.0327287,1.5128796867817975,0.0,0.0,370033777.67587316,0.5909198188911542,0.0,0.0,0.0,0.0,0.0,0.0,2.103799505672952
47,1845410010.4748304,1.5291237250569838,0.0,0.0,1235952490.185407,2.527307244642752,0.0,0.0,0.0,0.0,0.0,0.0,4.056430969699735
48,2198050167.7738824,1.5292676870234143,0.0,0.0,1462720746.1608934,2.502215598289641,0.0,0.0,0.0,0.0,0.0,0.0,4.0314832853130556
49,408741227.5005311,0.29733537454555137,202444648.3226853,0.1931392054545872,1563900508.779904,2.775211592923786,5690963.183251102,0.0021381135706107,0.0,0.0,0.0,0.0,3.2678242864945353
50,2679459706.270728,1.5591857182137099,0.0,0.0,1756675003.5794652,2.504398685991919,0.0,0.0,0.0,0.0,0.0,0.0,4.063584404205629
51,1830952879.3830488,1.2029211654294234,127176677.73287998,0.10881575745610557,1651714709.3540568,2.704973907224593,0.0,0.0,0.0,0.0,0.0,0.0,4.016710830110122
52,2108906534.7317867,1.5604055007236477,266023893.2307916,0.2584117387771395,1257914827.9714408,2.3044637002682244,0.0,0.0,0.0,0.0,0.0,0.0,4.123280939769012
53,136610129.95686212,0.11399081575146434,42343944.411459774,0.04732923738533701,1407964020.1368575,2.8156575442482543,0.0,0.0,0.0,0.0,0.0,0.0,2.976977597385056
54,79332222.7428779,0.05027142267609902,12078059.68344857,0.01046389523032723,1860846459.6718512,2.8043799724307603,0.0,0.0,0.0,0.0,0.0,0.0,2.8651152903371866
55,760514708.4106331,0.5116089406104416,280894802.48322165,0.2463504450654153,1708191210.0058758,2.8468556584390736,0.0,0.0,0.0,0.0,0.0,0.0,3.6048150441149307
56,2911421529.810075,1.5529095120394083,0.0,0.0,449066911.11035466,0.5873658306142966,0.0,0.0,0.0,0.0,0.0,0.0,2.140275342653705
57,350374012.23325974,0.255502325479665,0.0,0.0,1567873478.9505765,2.785921859023569,0.0,0.0,0.0,0.0,0.0,0.0,3.0414241845032337
58,1969889274.456879,1.5385655320800182,0.0,0.0,228213629.22876263,0.44256773297343105,0.0,0.0,0.0,0.0,0.0,0.0,1.9811332650534492
59,842253446.7396666,0.5630487573698819,0.0,0.0,1675619756.5863402,2.7650252642255104,0.0,0.0,0.0,0.0,0.0,0.0,3.328074021595392
60,157400484.37239212,0.11526348520014527,48113657.94022734,0.04689066321939857,1623743218.2494268,2.859514172523136,16078573.013831578,0.007516418762390652,0.0,0.0,0.0,0.0,3.029184739705071
61,249163827.98850065,0.1842214622934482,0.0,0.0,1600435073.6094546,2.8741440850149136,0.0,0.0,0.0,0.0,0.0,0.0,3.058365547308362
62,2007710337.7224398,1.5755987564511684,0.0,0.0,364284318.70884734,0.7063262939415169,15161928.62388914,0.005014272171202941,0.0,0.0,0.0,0.0,2.2869393225638883
63,1547437503.5653324,1.0184719049191395,42162371.40958077,0.036439646604556016,1644246964.6053634,2.686214345633352,0.0,0.0,0.0,0.0,0.0,0.0,3.7411258971570476
64,202506152.9846584,0.17708584603156513,0.0,0.0,1322393418.2865498,2.8055071660316555,52800532.48135421,0.024787160938546698,0.0,0.0,0.0,0.0,3.0073801730017675
65,1311205826.0578227,0.8560218261328894,0.0,0.0,1718326322.6697161,2.8006066915037753,0.0,0.0,0.0,0.0,0.0,0.0,3.6566285176366646
66,1967778036.992863,1.5364995767301015,0.0,0.0,308980960.57409734,0.5960729057699006,0.0,0.0,0.0,0.0,0.0,0.0,2.1325724825000023
67,601176780.3106678,0.38787092590448796,0.0,0.0,1790046797.1137843,2.8438770677951952,0.0,0.0,0.0,0.0,0.0,0.0,3.2317479936996834
68,2217179091.5889945,1.5459633314464891,0.0,0.0,75135007.78976199,0.12824877724039854,0.0,0.0,0.0,0.0,0.0,0.0,1.6742121086868877
69,2246379097.3512025,1.5364995767301015,0.0,0.0,192998266.5817315,0.3239287119690275,0.0,0.0,0.0,0.0,0.0,0.0,1.860428288699129
70,2237364280.7519145,1.5635880850375274,0.0,0.0,1092308709.7130864,1.88958028470137,0.0,0.0,0.0,0.0,0.0,0.0,3.4531683697388975
71,2051409820.5636454,1.1654303089883025,301770168.32261264,0.22257393509350032,1857935221.998712,2.6166532876760176,0.0,0.0,0.0,0.0,0.0,0.0,4.00465753175782
72,2173706468.8177752,1.5750138519163068,0.0,0.0,497267782.6957173,0.8799898608447609,0.0,0.0,0.0,0.0,0.0,0.0,2.4550037127610675
73,2001044728.3457828,1.569066669329012,13132814.452653496,0.01251567777768238,222992052.16794515,0.4267717930439459,0.0,0.0,0.0,0.0,0.0,0.0,2.0083541401506406
74,1567476095.4276106,1.1584497472889188,0.0,0.0,1429836875.8681345,2.626158353040545,0.0,0.0,0.0,0.0,0.0,0.0,3.784608100329464
75,2217395412.9032774,1.5461521323294762,0.0,0.0,1478957882.450203,2.54602403863594,0.0,0.0,0.0,0.0,0.0,0.0,4.092176170965416
76,2490292943.862444,1.5406503111947518,0.0,0.0,1192851094.2544374,1.80978426392695,0.0,0.0,0.0,0.0,0.0,0.0,3.3504345751217017
77,2660358640.2833824,1.5750138519163068,0.0,0.0,1745627466.1551466,2.539808042117273,0.0,0.0,0.0,0.0,0.0,0.0,4.11482189403358
78,184053512.74897105,0.1162464418374958,47681369.11722975,0.03985846948741163,1886827030.774564,2.8627340787814206,0.0,0.0,0.0,0.0,0.0,0.0,3.018838990106328
79,496796607.3660445,0.3372501751982908,161421856.6640136,0.14438422880257926,1716332408.1678445,2.867428839200502,0.0,0.0,0.0,0.0,0.0,0.0,3.349063243201372
80,1375001814.003942,1.0272402386429582,2875529.555929334,0.002921207467137063,1466283822.2338545,2.7299145503542253,4773020.926896791,0.002137894918520481,0.0,0.0,0.0,0.0,3.762213891382841
81,2405602799.2880464,1.56571365624295,0.0,0.0,1565061535.354381,2.487294325312289,0.0,0.0,0.0,0.0,0.0,0.0,4.053007981555239
82,2207732628.4146094,1.5377189942264071,3126005.2128752843,0.0030960103352855976,1513242477.798684,2.6386677601401307,0.0,0.0,0.0,0.0,0.0,0.0,4.179482764701824
83,2501253466.241082,1.5491441182544636,0.0,0.0,252270741.32555145,0.3830597430234472,0.0,0.0,0.0,0.0,0.0,0.0,1.9322038612779109
84,1655114881.0518415,0.8957533013607757,0.0,0.0,2016657620.222189,2.7141924123451835,0.0,0.0,0.0,0.0,0.0,0.0,3.609945713705959
85,1415921233.291426,1.186835901686588,38892744.99957576,0.04503903665389265,1308869317.6637592,2.7616646458578,0.0,0.0,0.0,0.0,0.0,0.0,3.99353958419828
86,2749311289.0096393,1.5547549938635237,0.0,0.0,766710508.151141,1.0747810798595274,17829699.36398452,0.00501455336163234,0.0,0.0,0.0,0.0,2.6345506270846832
87,1988625971.472857,1.5569029353197117,17148844.587589797,0.01846450923409739,1334056930.1803784,2.5914299908604206,0.0,0.0,0.0,0.0,0.0,0.0,4.16679743541423
88,2060271753.829234,1.1717056650476978,0.0,0.0,1864259610.2286856,2.6304765966402672,0.0,0.0,0.0,0.0,0.0,0.0,3.802182261687965
89,2081012490.2733781,1.5272436751486214,0.0,0.0,662337245.5445691,1.2133381837913242,0.0,0.0,0.0,0.0,0.0,0.0,2.7405818589399455
90,173207730.21214777,0.11454238864389897,45942062.60482375,0.040763386405326764,1794366388.5193188,2.855357408557716,0.0,0.0,0.0,0.0,0.0,0.0,3.0106631836069417
91,152770793.06477118,0.11119685194423036,153916866.49787307,0.1459103075306579,1597202788.6735704,2.7884088713237443,7764172.046041493,0.003618434408365769,0.0,0.0,0.0,0.0,3.0491344652069983
92,2082187131.105448,1.5283255896765082,0.0,0.0,920646942.7132069,1.6654383735111489,0.0,0.0,0.0,0.0,0.0,0.0,3.1937639631876573
93,1716787777.0199852,1.5679869353961988,0.0,0.0,609271060.9553144,1.3742796672215472,0.0,0.0,0.0,0.0,0.0,0.0,2.942266602617746
94,180799273.9244517,0.11378453799544892,0.0,0.0,1871519408.4956539,2.8277617172377862,0.0,0.0,0.0,0.0,0.0,0.0,2.941546255233235
95,2003885583.5153003,1.5718505837245966,593042185.0979716,0.5682873475572514,1305207132.2784595,2.504155654136345,0.0,0.0,0.0,0.0,0.0,0.0,4.644293585418193
96,168342145.240396,0.11718140818677107,7478909.765929433,0.007115131951946994,1721554943.530629,2.882675872971964,0.0,0.0,0.0,0.0,0.0,0.0,3.006972413110682
97,2327687567.9550896,1.5023907712854483,0.0,0.0,1569868051.4912279,2.4993686715229373,0.0,0.0,0.0,0.0,0.0,0.0,4.001759442808385
98,2085350372.5430477,1.531238925731525,0.0,0.0,71347460.94750322,0.12864158776534282,0.0,0.0,0.0,0.0,0.0,0.0,1.659880513496868
99,138672685.00212565,0.11605902969325058,394191988.0879535,0.4147396262826317,1398786056.9288495,2.787243896486631,0.0,0.0,0.0,0.0,0.0,0.0,3.3180425524625132
100,1053050147.5652086,0.6260617358922556,0.0,0.0,1863450090.062616,2.744408201929127,0.0,0.0,0.0,0.0,0.0,0.0,3.3704699378213827
101,3146258104.447327,1.549363793963176,0.0,0.0,268218556.65197563,0.3233587502037922,0.0,0.0,0.0,0.0,0.0,0.0,1.8727225441669682
102,2116665058.3710504,1.560080792674572,0.0,0.0,645051210.7015983,1.1753197684209853,0.0,0.0,0.0,0.0,0.0,0.0,2.735400561095557
103,154209557.69535568,0.1149190596910308,20224721.660664,0.020263259468068173,1587683370.4528465,2.8399925925103497,2436791.6749797426,0.0009958279484610837,0.0,0.0,0.0,0.0,2.97617073961791
104,1906298374.9915535,1.4078004103678596,0.0,0.0,1440304246.6354132,2.6559565856767544,0.0,0.0,0.0,0.0,0.0,0.0,4.063756996044614
105,140537881.07939744,0.11013084372257233,109254584.37957321,0.11249491582498423,1480696780.671741,2.787385605775056,0.0,0.0,0.0,0.0,0.0,0.0,3.0100113653226126
106,190851129.08683652,0.1152779139065708,58906765.23198904,0.04781202092735064,1964223033.7889261,2.8500161446277232,0.0,0.0,490768603.0523341,0.3659106197768935,0.0,0.0,3.379016699238538
107,202016745.91580245,0.18229499998908966,0.0,0.0,1307184162.3079627,2.8692876984025784,0.0,0.0,0.0,0.0,0.0,0.0,3.051582698391668
108,1109222244.2301302,0.8771366405257891,0.0,0.0,1355927099.5021632,2.657590056455718,3303104.8143697274,0.0014806312876054213,0.0,0.0,0.0,0.0,3.5362073282691124
109,205526294.9344416,0.11748553073134305,62001836.14469934,0.04714952167514918,2099993903.4512594,2.8875021318864817,0.0,0.0,0.0,0.0,0.0,0.0,3.052137184292974
110,2383698426.463045,1.5479045304950798,0.0,0.0,1264223460.6280427,2.0091835167585144,0.0,0.0,0.0,0.0,0.0,0.0,3.557088047253594
111,153289419.4557031,0.11409615873394445,764795089.6314684,0.6934460564017026,1486644437.3369007,2.5667626698343597,0.0,0.0,0.0,0.0,0.0,0.0,3.374304884970007
112,2416203755.4364705,1.541690947567432,0.0,0.0,1619730820.8721175,2.5570124262854916,0.0,0.0,0.0,0.0,0.0,0.0,4.098703373852924
113,1754298304.8879118,1.0366576600758168,31557200.70072524,0.0252825387728437,1872041905.2197921,2.763720922384953,0.0,0.0,0.0,0.0,0.0,0.0,3.8256611212336136
114,2582326090.0881877,1.5173790817602546,101162775.416337,0.07784301430170472,1737205343.4865935,2.5205861075404155,0.0,0.0,0.0,0.0,0.0,0.0,4.115808203602375
115,1804449989.7281227,1.5364995767301015,0.0,0.0,567363462.8744223,1.2107058525660468,0.0,0.0,0.0,0.0,0.0,0.0,2.747205429296148
116,1066306384.8005836,0.6477485815580352,77331974.82023016,0.062707572438023,1868520030.3473442,2.820298949714452,0.0,0.0,0.0,0.0,0.0,0.0,3.5307551037105105
117,2117017319.45165,1.5604055007236477,0.0,0.0,1429342119.6148965,2.6248502205983675,0.0,0.0,0.0,0.0,0.0,0.0,4.185255721322015
118,155176657.60785967,0.11578395956074836,10349854.499509057,0.010477176058444865,1599592107.281223,2.872762011987044,0.0,0.0,0.0,0.0,0.0,0.0,2.9990231476062372
119,1429255306.5142665,0.7752245399225939,0.0,0.0,2023258194.7395368,2.727803149264686,0.0,0.0,0.0,0.0,0.0,0.0,3.50302768918728
120,2116555192.3946679,1.559979520218036,0.0,0.0,263509642.84127545,0.4745827544065353,0.0,0.0,0.0,0.0,0.0,0.0,2.0345622746245713
121,2747023799.6299024,1.5531372948772328,0.0,0.0,729215409.6050369,1.0245358126602135,0.0,0.0,0.0,0.0,0.0,0.0,2.5776731075374464
122,128272942.52266344,0.11363449872347953,127811275.47995046,0.14773854967745365,1327650073.889739,2.821996824973303,2528476.6241344763,0.0010380372536134502,0.0,0.0,0.0,0.0,3.0844079106278497
123,149748749.62516028,0.11565724540372953,0.0,0.0,1538393490.9651706,2.853491770265168,0.0,0.0,0.0,0.0,0.0,0.0,2.9691490156688976
124,2519608267.5968122,1.563374639842246,0.0,0.0,1659149399.7113874,2.530306268858947,0.0,0.0,0.0,0.0,0.0,0.0,4.093680908701193
125,2712390495.43746,1.5831626718901042,0.0,0.0,1484874122.7702482,2.1262385073544863,7128674.780398155,0.0018212048046392809,0.0,0.0,0.0,0.0,3.7112223840492296
126,156782841.2533742,0.1172204068272476,20086439.823921546,0.01998932226244412,1601856707.8524332,2.878207549376595,0.0,0.0,0.0,0.0,0.0,0.0,3.0154172784662867
127,2261396746.8216767,1.5493731347298405,185106753.0191648,0.16569370041170495,815710615.7978548,1.3887529307472772,0.0,0.0,0.0,0.0,0.0,0.0,3.1038197658888227
128,655939086.1645076,0.4419867015858507,0.0,0.0,1705177710.3486176,2.8393097986889138,0.0,0.0,0.0,0.0,0.0,0.0,3.2812965002747645
129,2260482558.0541644,1.5485893119953604,9844847.423578978,0.009378961182269907,1125579612.8971806,1.925216709361564,0.0,0.0,16840283.332500108,0.014346688350950213,0.0,0.0,3.4975316708901447
130,2291642105.0133233,1.5753214861837106,0.0,0.0,1498208760.192934,2.525907413566754,0.0,0.0,0.0,0.0,0.0,0.0,4.101228899750464
131,2874619461.7814364,1.5283591760539412,12923370.094700254,0.009790410997729926,1792699075.1056983,2.4065873027306828,23129061.59642269,0.006371138587504771,0.0,0.0,0.0,0.0,3.9511080283698585
132,865782656.1026425,0.6427684747302532,0.0,0.0,1514351807.5874825,2.7857487977686537,0.0,0.0,0.0,0.0,0.0,0.0,3.428517272498907
133,183934041.456666,0.11026646966361177,16516738.80777884,0.013384100953984096,1928896825.1067624,2.772774437429713,0.0,0.0,0.0,0.0,0.0,0.0,2.896425008047309
134,173200988.34553915,0.1145370352291852,53186150.54522827,0.046825575638434286,1777765927.674155,2.8150999072735106,0.0,0.0,23875229.18266793,0.01817193281476985,0.0,0.0,2.9946344509559
135,1956512044.0551047,1.573420863790942,0.0,0.0,471812150.4030568,0.944790796608212,0.0,0.0,0.0,0.0,0.0,0.0,2.518211660399154
136,1815778883.2130191,1.5485893119953604,0.0,0.0,62199310.53503376,0.13072362220317305,0.0,0.0,0.0,0.0,0.0,0.0,1.6793129341985336
137,139347920.9668132,0.11673611825841115,24221671.11939665,0.026878677036262684,1425647761.8430753,2.869017431009232,0.0,0.0,0.0,0.0,0.0,0.0,3.012632226303906
138,161565605.35443375,0.11153870312983703,84393749.09338227,0.07720332152989327,1689942224.6366465,2.8014045370998986,23363426.847245656,0.00654916633349994,0.0,0.0,0.0,0.0,2.996695728093129
139,3181527831.6365194,1.5711100359214931,0.0,0.0,1527083456.5901651,1.8422834384217543,0.0,0.0,0.0,0.0,0.0,0.0,3.4133934743432475
140,2130858853.372381,1.5731662651732994,0.0,0.0,1425073615.1622994,2.6126609713833138,0.0,0.0,0.0,0.0,0.0,0.0,4.185827236556613
141,2081012490.2733781,1.5272436751486214,0.0,0.0,1050753139.9269092,1.9337836399067203,0.0,0.0,0.0,0.0,0.0,0.0,3.4610273150553414
142,366520736.5968812,0.2992970828993352,0.0,0.0,1407140847.7474244,2.8125342839232923,0.0,0.0,0.0,0.0,0.0,0.0,3.1118313668226274
143,720398670.5198691,0.6291554451650176,0.0,0.0,1268224831.6195314,2.7395706128408683,0.0,0.0,0.0,0.0,0.0,0.0,3.368726058005886
144,2411860145.075036,1.5708047362726911,0.0,0.0,429426544.36183536,0.6830727564593635,0.0,0.0,0.0,0.0,0.0,0.0,2.2538774927320544
145,411929261.34790033,0.3366405260498278,0.0,0.0,1423717286.325059,2.8626694568057216,0.0,0.0,0.0,0.0,0.0,0.0,3.1993099828555494
146,2400276643.6125827,1.424440665435578,0.0,0.0,1821035776.3658261,2.712067511433503,0.0,0.0,0.0,0.0,0.0,0.0,4.13650817686908
147,2597192479.212048,1.5283565529340577,0.0,0.0,324738464.6154641,0.4726413028064373,0.0,0.0,0.0,0.0,0.0,0.0,2.000997855740495
148,156148514.88727075,0.11665311405396958,79109390.87922314,0.07825809868636388,1603266012.6132956,2.8819451395123035,0.0,0.0,0.0,0.0,0.0,0.0,3.076856352252637
149,2216947154.7735248,1.545760899942619,0.0,0.0,342009621.86932415,0.5841214739491675,0.0,0.0,0.0,0.0,0.0,0.0,2.1298823738917863
150,1977642191.6211965,1.5461521323294762,0.0,0.0,67011125.12822813,0.12824877724039854,0.0,0.0,0.0,0.0,0.0,0.0,1.6744009095698749
151,2074126279.6217575,1.5209011752592216,0.0,0.0,1283632117.4294515,2.3640444467189967,0.0,0.0,0.0,0.0,0.0,0.0,3.8849456219782184
152,1599977672.528069,1.5684121518599126,0.0,0.0,1050752010.8380164,2.5298651436255892,0.0,0.0,0.0,0.0,0.0,0.0,4.098277295485502
153,2103730630.6096425,1.5481655229660611,16310152.64023482,0.015790259165416827,855106695.8835971,1.5473928953132938,0.0,0.0,0.0,0.0,0.0,0.0,3.111348677444772
154,133823810.79013354,0.11119685194423036,2872953.9016099162,0.003284685754012145,1404245207.3432224,2.8047237529476354,16762759.158772718,0.008384813647784322,0.0,0.0,0.0,0.0,2.927590104293662
155,2934117992.348635,1.5680596939133338,0.0,0.0,247723189.9113492,0.3233123809158894,0.0,0.0,0.0,0.0,0.0,0.0,1.891372074829223
156,351850608.10881853,0.256814402116576,0.0,0.0,1582097302.7914314,2.8243166298476736,0.0,0.0,0.0,0.0,0.0,0.0,3.0811310319642495
157,153858952.68172798,0.11460550550010568,3256707.7045794977,0.0033549328097696477,1591971088.3854787,2.8527919013888225,10521254.098755127,0.005077679063207752,0.0,0.0,0.0,0.0,2.9758300187619056
158,432660219.30422634,0.2556172195850801,80613371.24120572,0.06299715136286048,1946389998.534594,2.8099902020077723,0.0,0.0,0.0,0.0,0.0,0.0,3.128604572955713
159,137238047.82272536,0.11462045639424735,182056242.94694743,0.19574255958722706,1408302131.9243615,2.8160312431527434,0.0,0.0,0.0,0.0,0.0,0.0,3.126394259134218
160,2905352584.7201896,1.5488604144595763,0.0,0.0,294804462.92248064,0.3866359937970951,0.0,0.0,0.0,0.0,0.0,0.0,1.9354964082566715
161,2235582720.8254967,1.5272436751486214,0.0,0.0,32420979.290120047,0.05435324927594844,0.0,0.0,0.0,0.0,0.0,0.0,1.5815969244245698
162,1926340154.0814388,1.2078335394753716,0.0,0.0,1723554201.6730404,2.6845909651723705,35664049.272222005,0.009339958056195342,0.0,0.0,0.0,0.0,3.901764462703938
163,2125284676.5197039,1.531238925731525,0.0,0.0,1440330762.8644722,2.5789958491607683,0.0,0.0,0.0,0.0,0.0,0.0,4.110234774892294
164,142460337.96154305,0.1119518972733648,0.0,0.0,1484371936.1973982,2.798533383578942,0.0,0.0,0.0,0.0,0.0,0.0,2.9104852808523067
165,2259760365.838171,1.5831626718901042,0.0,0.0,579989704.5051234,0.995514219077828,0.0,0.0,0.0,0.0,0.0,0.0,2.578676890967932
166,1541041367.9665966,1.4090760158502222,0.0,0.0,1147950025.5641587,2.601194983948251,0.0,0.0,0.0,0.0,0.0,0.0,4.010270999798474
167,2103544102.4089177,1.5554454124484138,18665799.381384816,0.0193634941511508,1429565735.990804,2.641090072753731,0.0,0.0,0.0,0.0,0.0,0.0,4.215898979353296
168,1789835230.201317,1.5209011752592216,0.0,0.0,880138322.6185106,1.8460155733143402,0.0,0.0,0.0,0.0,0.0,0.0,3.366916748573562
169,2237119944.9294987,1.563374639842246,645704516.5001582,0.5658804470941494,1492236436.365158,2.58185010591182,0.0,0.0,0.0,0.0,0.0,0.0,4.7111051928482155
170,2530533562.4287853,1.5718505837245966,0.0,0.0,910632571.3397195,1.4086274030943176,0.0,0.0,0.0,0.0,0.0,0.0,2.980477986818914
171,1817154722.904713,1.5500578595299197,0.0,0.0,1203735580.3360445,2.5267939316570094,0.0,0.0,0.0,0.0,0.0,0.0,4.076851791186929
172,2918054527.493916,1.5573352076627405,84156175.16116263,0.05746654565956615,1914121573.2967665,2.5027576113593577,0.0,0.0,0.0,0.0,0.0,0.0,4.117559364681664
173,2495254484.36579,1.5444949196278448,0.0,0.0,1502817705.3965275,2.3097688014984055,0.0,0.0,0.0,0.0,0.0,0.0,3.8542637211262503
174,2607315641.872592,1.5358313059840092,0.0,0.0,542150903.859675,0.7865474542407467,0.0,0.0,0.0,0.0,0.0,0.0,2.3223787602247556
175,502786756.5573562,0.2595578384821241,0.0,0.0,2235205960.13694,2.8131907534054754,0.0,0.0,0.0,0.0,0.0,0.0,3.0727485918875996
176,1319512529.764968,0.8306290438073866,0.0,0.0,1753872082.1388,2.757419707035896,0.0,0.0,0.0,0.0,0.0,0.0,3.588048750843283
177,1841238598.481972,1.5757812352094156,0.0,0.0,947221951.1143076,1.9856537511381247,0.0,0.0,0.0,0.0,0.0,0.0,3.5614349863475403
178,1958320651.7138426,1.5272436751486214,0.0,0.0,1345793982.5050786,2.62695000522582,0.0,0.0,0.0,0.0,0.0,0.0,4.1541936803744415
179,2875981281.036037,1.5292676870234143,0.0,0.0,165310888.55157828,0.21583309217091,0.0,0.0,0.0,0.0,0.0,0.0,1.7451007791943243
180,164285959.54336822,0.11380389400849633,124958948.79096514,0.11315667255067165,1704385854.7395802,2.837326860872399,0.0,0.0,0.0,0.0,0.0,0.0,3.0642874274315672
181,2946796781.4902353,1.5765289066311818,0.0,0.0,1762856260.4575984,2.3448427896586534,0.0,0.0,0.0,0.0,0.0,0.0,3.9213716962898353
182,1700469579.8102758,1.5493731347298405,35978804.66551007,0.046371810180394005,1186855217.8315887,2.7384314692371583,0.0,0.0,0.0,0.0,0.0,0.0,4.334176414147393
183,2310450483.6676445,1.5272436751486214,2683459.0736175217,0.002283480135039305,552510449.7647973,0.8984490618112719,0.0,0.0,0.0,0.0,0.0,0.0,2.4279762170949324
184,716540081.3782376,0.43793165613427615,581299754.7354938,0.4546716623572347,1840441706.9598215,2.756203979985388,0.0,0.0,0.0,0.0,0.0,0.0,3.648807298476899
185,184135425.31087995,0.11630841050720625,3695387.6071901717,0.0030959743515702643,1885583179.6980152,2.859778266554206,0.0,0.0,0.0,0.0,0.0,0.0,2.979182651412983
186,128139444.31018579,0.11349230445913801,78012577.1908412,0.09070133510937653,1322151334.4724033,2.804346610590336,13391312.49042219,0.007260474216137117,0.0,0.0,0.0,0.0,3.0158007243749876
187,1110737495.0071797,1.0272402386429582,0.0,0.0,1190345125.5626864,2.7505983565514684,0.0,0.0,0.0,0.0,0.0,0.0,3.7778385951944267
188,1166883508.5890653,1.0062168639132163,0.0,0.0,1244151191.1128018,2.660122798165768,0.0,0.0,0.0,0.0,0.0,0.0,3.6663396620789843
189,1987380072.506013,1.5556832961784108,0.0,0.0,1325090281.3048198,2.564304728634581,0.0,0.0,0.0,0.0,0.0,0.0,4.119988024812992
190,2393268875.920818,1.5556832961784108,0.0,0.0,1565630863.306224,2.4887245218626037,0.0,0.0,0.0,0.0,0.0,0.0,4.044407818041014
191,2741701130.55873,1.5493731347298405,0.0,0.0,1809217585.537555,2.5101704285721294,897257.3414102481,0.0002143977323765196,0.0,0.0,0.0,0.0,4.059757961034347
192,2172949656.7533226,1.5743290112447443,0.0,0.0,1452945627.0832698,2.6142240037046203,0.0,0.0,0.0,0.0,0.0,0.0,4.188553014949365
193,1831971733.4978442,1.5658788509878072,0.0,0.0,1235803155.2252836,2.6325830891012343,0.0,0.0,0.0,0.0,0.0,0.0,4.198461940089041
194,2255642920.354071,1.5795624884202644,84772692.97085176,0.07920655118378328,1486784548.3288,2.56714069487037,0.0,0.0,0.0,0.0,0.0,0.0,4.225909734474417
195,2046152174.3857234,1.5023907712854483,0.0,0.0,1403849876.9779534,2.5675494414263236,0.0,0.0,0.0,0.0,0.0,0.0,4.069940212711772
196,345138900.94265383,0.26167965424007644,673952832.0676162,0.6379286313295606,1468189622.4919918,2.656804785504177,0.0,0.0,0.0,0.0,0.0,0.0,3.556413071073814
197,2003909056.6295645,1.571873586189498,0.0,0.0,314879390.0954545,0.6026297376841596,0.0,0.0,0.0,0.0,0.0,0.0,2.1745033238736573
198,117985299.46107219,0.11482794753054905,380656561.2100563,0.4627130283568223,1200757389.2521744,2.7873948887344837,0.0,0.0,0.0,0.0,0.0,0.0,3.364935864621855
199,2321608421.6554914,1.5364995767301015,19330296.82375496,0.017320860589249386,1551814883.6389024,2.5347083153386163,0.0,0.0,0.0,0.0,0.0,0.0,4.088528752657967
200,184651985.7357832,0.17708584603156513,0.0,0.0,1205803216.4041975,2.8055071660316555,0.0,0.0,0.0,0.0,0.0,0.0,2.9825930120632207
201,135569474.02625746,0.11294730464167768,0.0,0.0,1406695119.3787186,2.8116875487707302,0.0,0.0,0.0,0.0,0.0,0.0,2.924634853412408
202,2402989297.50006,1.5635880850375274,3270747.912552612,0.0029361585475500486,1594361844.642924,2.560899004534484,0.0,0.0,0.0,0.0,0.0,0.0,4.127423248119562
203,2671958147.004583,1.5537290305660454,0.0,0.0,1824856663.2326078,2.6578848476147194,5327706.563510813,0.0021403259176108608,22011044.079147365,0.01713906544183359,0.0,0.0,4.23089326954021
204,1998342920.0862997,1.566419502073718,0.0,0.0,960765352.4342543,1.8489262305880607,0.0,0.0,0.0,0.0,0.0,0.0,3.4153457326617787
205,2658734298.43538,1.5738128908727045,0.0,0.0,149270201.15906867,0.21563479554854006,0.0,0.0,0.0,0.0,0.0,0.0,1.7894476864212445
206,1719034031.9975936,1.5705510957148516,0.0,0.0,1130796939.0619955,2.5407462770442235,0.0,0.0,0.0,0.0,0.0,0.0,4.111297372759076
207,1716374247.3337295,1.5675149523071492,73750880.9231438,0.0923872775485616,1166327766.5173035,2.665975696452705,0.0,0.0,0.0,0.0,0.0,0.0,4.325877926308416
208,586986874.9954183,0.4393203902128411,475431109.99845254,0.4554785812830422,1486351303.0450554,2.7075354854295246,0.0,0.0,0.0,0.0,0.0,0.0,3.6023344569254077
209,1977242400.864448,1.545760899942619,2608938.291698501,0.002777769589249902,1314906176.8381865,2.533496507187906,0.0,0.0,0.0,0.0,0.0,0.0,4.082035176719774
210,2634463140.0326524,1.5558756639846805,52629054.97769059,0.042434053335647495,1578675348.1742694,2.3127268229500553,0.0,0.0,0.0,0.0,0.0,0.0,3.9110365402703833
211,478777875.39840984,0.3605386438537753,168547259.34193507,0.16666526129953196,1535861808.8562346,2.8458449647024096,0.0,0.0,0.0,0.0,0.0,0.0,3.373048869855717
212,500488837.35066026,0.3828314879042916,0.0,0.0,1501058517.141208,2.8289177372294403,0.0,0.0,0.0,0.0,0.0,0.0,3.211749225133732
213,781678754.2023188,0.5608313329316084,0.0,0.0,1564723813.461649,2.7774372807443903,0.0,0.0,0.0,0.0,0.0,0.0,3.3382686136759987
214,1714443479.8207905,1.5653117269785592,15401022.264077267,0.020048276015717396,1179112945.1722007,2.711461279221515,0.0,0.0,0.0,0.0,0.0,0.0,4.296821282215792
215,1602802931.7903519,1.571873586189498,0.0,0.0,1088675474.7260563,2.6733598825986893,0.0,0.0,0.0,0.0,0.0,0.0,4.245233468788188
216,2152335113.325204,1.5556832961784108,0.0,0.0,1191280013.0886672,2.1092253288127156,0.0,0.0,0.0,0.0,0.0,0.0,3.6649086249911265
217,2702931660.8831315,1.5762728475930992,0.0,0.0,1822363051.3473198,2.6522772248646653,0.0,0.0,0.0,0.0,0.0,0.0,4.2285500724577645
218,2111694264.2195692,1.5555006780975962,0.0,0.0,1390477578.2172167,2.514111351565612,0.0,0.0,0.0,0.0,0.0,0.0,4.069612029663208
219,1209320086.7609086,0.7017434647928054,0.0,0.0,1947042439.5143871,2.8114162519143657,0.0,0.0,0.0,0.0,0.0,0.0,3.513159716707171
220,1997211820.8587816,1.5653117269785592,0.0,0.0,1299877931.981071,2.4880341401207002,0.0,0.0,0.0,0.0,0.0,0.0,4.053345867099259
221,2405207855.3983564,1.565392455570876,49981304.48138148,0.0454650809791964,1639347813.4494867,2.6739392481900084,0.0,0.0,0.0,0.0,0.0,0.0,4.284796784740081
222,1804449989.7281227,1.5364995767301015,13550541.218017887,0.014945669388961138,430861826.1880776,0.903159545684114,0.0,0.0,0.0,0.0,0.0,0.0,2.4546047918031766
223,1104238387.907791,0.7856450631041807,0.0,0.0,1573098802.550556,2.80085716234174,0.0,0.0,0.0,0.0,0.0,0.0,3.586502225445921
224,2339072235.463748,1.511637092198577,20756016.345182873,0.018602445061357862,1437633391.2819142,2.3211408726240683,348574.42070096795,0.0001234164232392092,0.0,0.0,0.0,0.0,3.8515038263072423
225,1284286778.9538233,1.0177740005764302,0.0,0.0,1359322757.976409,2.667862358608017,0.0,0.0,0.0,0.0,0.0,0.0,3.685636359184447
226,1834955503.938353,1.569066669329012,0.0,0.0,207967629.38120732,0.4382659679539043,0.0,0.0,0.0,0.0,0.0,0.0,2.0073326372829166
227,1197841322.721493,0.8349343942151806,456006305.70614624,0.4076822647862277,1567991010.72007,2.7108265314139017,0.0,0.0,0.0,0.0,0.0,0.0,3.9534431904153102
228,2270858012.082085,1.5574855035081887,0.0,0.0,76495403.45062241,0.12824013709953816,0.0,0.0,0.0,0.0,0.0,0.0,1.6857256406077268
229,532153593.2905211,0.4295880809593297,2736150.960181029,0.00298082350838768,1376111809.038042,2.7186513901503586,0.0,0.0,0.0,0.0,0.0,0.0,3.151220294618076
230,2196675217.808993,1.528067501078216,98223167.17700179,0.08851395635582153,1464293899.6609526,2.506460029083036,0.0,0.0,0.0,0.0,0.0,0.0,4.1230414865170735
231,1908452123.6179352,1.0340623786265546,0.0,0.0,2032086424.292853,2.746007429755625,25231988.42827309,0.005688019177413422,0.0,0.0,0.0,0.0,3.785757827559593
232,178785965.22065043,0.11226142531061173,12044886.55330748,0.010408304867240977,1872303966.2269652,2.8301369116795003,0.0,0.0,0.0,0.0,0.0,0.0,2.952806641857353
233,2245973024.657892,1.5711100359214931,0.0,0.0,75327471.85054871,0.1287680529412088,0.0,0.0,0.0,0.0,0.0,0.0,1.6998780888627019
234,2141356002.2113504,1.545760899942619,0.0,0.0,653261112.4836332,1.1637478124734342,0.0,0.0,0.0,0.0,0.0,0.0,2.709508712416053
235,183122320.5453412,0.1155419742838156,23984771.50059409,0.020390791426054176,1881142374.590901,2.849995481979655,0.0,0.0,0.0,0.0,0.0,0.0,2.985928247689525
236,909146150.5929863,0.6397751050263364,0.0,0.0,1596434508.2792747,2.7862033622640143,0.0,0.0,0.0,0.0,0.0,0.0,3.4259784672903506
237,2158277002.555889,1.561055772581792,0.0,0.0,182921722.49262527,0.3234459432713276,216849.7015864053,6.621910771500529e-05,0.0,0.0,0.0,0.0,1.8845679349608346
238,2078140431.6294148,1.524598344376561,0.0,0.0,103698643.7978757,0.18697758972466114,0.0,0.0,0.0,0.0,0.0,0.0,1.711575934101222
239,272534098.6000788,0.17779561254626355,0.0,0.0,1779649707.4119754,2.8192867449659795,0.0,0.0,0.0,0.0,0.0,0.0,2.997082357512243
240,318889846.3380232,0.2618817797537861,119795807.80548663,0.12877136370204662,1417867515.8061626,2.8449689462190384,13618857.692100327,0.007138005451624284,0.0,0.0,0.0,0.0,3.2427600951264957
241,126534345.2136926,0.11537194394358227,0.0,0.0,1297519136.2178097,2.8379048094748525,7477897.804266768,0.004289915500024493,20114553.535459656,0.022679082859443617,0.0,0.0,2.9802457517779026
242,1992202716.7522786,1.5604055007236477,39858923.90530519,0.04267086635523721,726012491.4321481,1.4234456062579843,0.0,0.0,0.0,0.0,0.0,0.0,3.0265219733368696
243,1803823753.6400387,1.5358313059840092,0.0,0.0,205894705.04138988,0.4314275051106008,0.0,0.0,0.0,0.0,0.0,0.0,1.9672588110946099
244,199012880.4439202,0.11303353489888918,644262163.3304883,0.456064949469871,2005707318.1331415,2.691612305033105,0.0,0.0,0.0,0.0,0.0,0.0,3.260710789401865
245,990183787.6286418,0.7908921818277763,91821813.73844749,0.09674686222526717,1388819112.138645,2.7570926108974594,0.0,0.0,0.0,0.0,0.0,0.0,3.644731654950503
246,2761700517.146809,1.5635206626372462,0.0,0.0,840241035.7864338,1.1755324108190044,0.0,0.0,0.0,0.0,0.0,0.0,2.7390530734562506
247,2651105850.500168,1.5385655320800182,45705566.39297132,0.03500417150725833,1773314922.914696,2.541801970938105,0.0,0.0,0.0,0.0,0.0,0.0,4.115371674525382
248,173834829.11636725,0.1150403398339375,11369798.017497076,0.010222290984717386,1789670906.4248335,2.8437111842568767,0.0,0.0,58152683.38610929,0.04689256729311268,0.0,0.0,3.0158663823686442
249,395507678.20820385,0.2562051952796583,7668872.013912315,0.006809343622456577,1773961083.3676941,2.8056510237622594,11057548.79280836,0.003192146109393285,0.0,0.0,0.0,0.0,3.0718577087737677
250,222314703.32198745,0.18431312869496835,104501346.3169415,0.1145491973796096,1428497184.6960847,2.8775859886704223,3268500.9679311607,0.0016978735881958186,0.0,0.0,0.0,0.0,3.178146188333196
251,2006414716.5812829,1.5743290112447443,0.0,0.0,67011125.12822813,0.12824877724039854,0.0,0.0,0.0,0.0,0.0,0.0,1.702577788485143
252,2233084438.277731,1.5251017067225432,0.0,0.0,1494943540.0117488,2.517254760049271,0.0,0.0,0.0,0.0,0.0,0.0,4.042356466771814
253,2241335365.437172,1.5670570426364074,111983166.05318466,0.107025129956849,1524894976.5186346,2.66996414785977,0.0,0.0,0.0,0.0,0.0,0.0,4.344046320453026
254,134659043.09303296,0.11203437581902524,9159396.317831744,0.01031860120513968,1399381396.043513,2.7900595114851057,0.0,0.0,32975777.59717045,0.03172717915269835,0.0,0.0,2.944139667661969
255,66238850.76150797,0.049493776463526463,163138407.76993415,0.15730745128493542,1567049248.9345288,2.783866522105923,6656288.428106466,0.0030641640195628976,12123514.730458004,0.011142395377025032,0.0,0.0,3.004874309250973
256,2252811333.9826035,1.5770869467188748,0.0,0.0,1501135453.9265606,2.605860009692455,0.0,0.0,0.0,0.0,0.0,0.0,4.18294695641133
257,1626864814.7383626,1.3884268185254598,0.0,0.0,1231970368.4913287,2.619938937473026,0.0,0.0,0.0,0.0,0.0,0.0,4.008365755998486
258,496493992.7926512,0.43876040111898257,88201877.72706941,0.10330813283758476,1282701360.7263913,2.7873561593419516,0.0,0.0,0.0,0.0,0.0,0.0,3.329424693298519
259,809436297.5011249,0.5725601417848352,27176536.06887113,0.0259554908567494,1616086235.4579778,2.8382762262003403,0.0,0.0,0.0,0.0,0.0,0.0,3.436791858841925
260,2170210602.4679875,1.5718505837245966,0.0,0.0,1436126767.4292984,2.567245133931812,0.0,0.0,0.0,0.0,0.0,0.0,4.139095717656408
261,336066599.17380494,0.2592509820041027,0.0,0.0,1504525104.391439,2.8387834942905563,0.0,0.0,0.0,0.0,0.0,0.0,3.098034476294659
262,323970411.68276113,0.18282608284022772,351318859.10785,0.2563193252562261,2073732876.1850922,2.8319008672075547,0.0,0.0,0.0,0.0,0.0,0.0,3.2710462753040086
263,1851862110.2657871,1.5358313059840092,0.0,0.0,1248382236.070323,2.5672485952370403,0.0,0.0,0.0,0.0,0.0,0.0,4.103079901221049
264,2351208183.5872817,1.561055772581792,2714271.242103347,0.002322076706423409,823192222.5220518,1.3378923067944308,0.0,0.0,0.0,0.0,0.0,0.0,2.901270156082646
265,263281515.4181505,0.18061834223182688,469953275.7909753,0.4085326150389467,1675333738.1320481,2.7643067633942597,0.0,0.0,0.0,0.0,0.0,0.0,3.353457720665033
266,391996096.74006766,0.2534340396346203,0.0,0.0,1766856345.0045028,2.788496000331385,0.0,0.0,0.0,0.0,0.0,0.0,3.0419300399660054
267,2234227537.995905,1.560847903937857,0.0,0.0,293073031.55007285,0.5002496045998303,0.0,0.0,0.0,0.0,0.0,0.0,2.0610975085376873
268,149243444.79601982,0.11518938703491248,45739582.10708584,0.04708525206774089,1529755737.5211315,2.8298532141826813,0.0,0.0,40372146.38676679,0.03948187951206189,0.0,0.0,3.0316097327973965
269,159626210.10847104,0.11267507462351163,0.0,0.0,1666021527.4268098,2.8285040869894216,0.0,0.0,0.0,0.0,0.0,0.0,2.9411791616129332
270,2643616346.32696,1.562638302055705,0.0,0.0,88820897.95745361,0.12824877724039854,0.0,0.0,0.0,0.0,0.0,0.0,1.6908870792961037
271,2129519501.0604103,1.535065960951545,2999920.2190931896,0.003056021722214077,1304050385.1246655,2.352351815494905,0.0,0.0,0.0,0.0,0.0,0.0,3.8904737981686637
272,260715370.19658405,0.1829751739133831,738730372.0665388,0.644617096862604,1607083082.126401,2.6764201852947234,71839108.98595956,0.020849902794852687,0.0,0.0,0.0,0.0,3.524862358865563
273,175117724.52317476,0.11605902969325058,88696889.33166999,0.07755119784132454,1804521663.2630727,2.879403575732882,0.0,0.0,0.0,0.0,0.0,0.0,3.0730138032674574
274,205741766.6728816,0.11763280821275356,4169655.354458768,0.0032164000849245105,2105357849.266539,2.8983726808485373,0.0,0.0,90193502.39319876,0.06312411615553397,0.0,0.0,3.082346005301749
275,2381088777.411777,1.545783670906849,49595512.26256225,0.04480636527056943,1620216073.912474,2.6258671853292763,0.0,0.0,0.0,0.0,0.0,0.0,4.216457221506695
276,2206335408.561892,1.5364995767301015,40326239.05952657,0.03688902157818714,903040193.8933207,1.5495363082798912,0.0,0.0,0.0,0.0,0.0,0.0,3.12292490658818
277,620555740.4292362,0.38005759259905103,353619673.4627582,0.28112643011370986,1856823178.4989786,2.7935916536859895,0.0,0.0,0.0,0.0,0.0,0.0,3.4547756763987505
278,570544015.0368339,0.5023694469887976,428575006.39675486,0.4823307675527486,1260479605.240708,2.7139893340344114,0.0,0.0,0.0,0.0,0.0,0.0,3.698689548575958
279,2112115425.5926168,1.563374639842246,9139477.969656067,0.009400829853457521,1046730857.1287193,1.933762983240065,0.0,0.0,0.0,0.0,0.0,0.0,3.5065384529357684
280,2676916194.323091,1.5573352076627405,0.0,0.0,1102143608.1261694,1.5677639231036808,0.0,0.0,0.0,0.0,0.0,0.0,3.1250991307664213
281,581072447.8355079,0.37209765315818616,0.0,0.0,1761435792.2587984,2.7753556077443324,0.0,0.0,0.0,0.0,0.0,0.0,3.1474532609025188
282,510073161.2277607,0.3828314879042916,109513121.91155171,0.10854059932428714,1529501123.4981735,2.828069160187145,0.0,0.0,0.0,0.0,0.0,0.0,3.3194412474157238
283,219431842.7872489,0.1155419742838156,14323206.813320085,0.010254554123336772,2254135577.642254,2.849995481979655,3469724.2226126976,0.0010651838962444497,0.0,0.0,0.0,0.0,2.976857194283052
284,2248325707.08164,1.5731662651732994,0.0,0.0,189184360.01178965,0.3229208801363225,0.0,0.0,0.0,0.0,0.0,0.0,1.8960871453096217
285,1990957447.333261,1.5591857182137099,0.0,0.0,1334383063.490422,2.5924165859282433,0.0,0.0,0.0,0.0,0.0,0.0,4.151602304141953
286,318801392.76317143,0.2306144653325916,0.0,0.0,1637081832.931274,2.8940778015845368,0.0,0.0,0.0,0.0,0.0,0.0,3.1246922669171284
287,2128312977.6180367,1.5783674560508072,16221001.597398447,0.015753034950292486,1406301672.8107855,2.5745559923006116,0.0,0.0,0.0,0.0,0.0,0.0,4.168676483301711
288,124686380.73125659,0.11335118368441152,217330670.09206396,0.2527549858975184,1279708360.8283198,2.7774372807443903,0.0,0.0,0.0,0.0,0.0,0.0,3.1435434503263204
289,2598231455.412581,1.5291237250569838,0.0,0.0,88820897.95745361,0.12824877724039854,0.0,0.0,0.0,0.0,0.0,0.0,1.6573725022973824
290,1829627102.925304,1.563374639842246,0.0,0.0,1266418577.6168964,2.734638201070382,0.0,0.0,0.0,0.0,0.0,0.0,4.298012840912628
291,2398638792.714581,1.4232296274648557,0.0,0.0,1816367754.307682,2.7012596433737133,0.0,0.0,0.0,0.0,0.0,0.0,4.124489270838569
292,165975785.3747319,0.1152109821278662,627296499.9948057,0.539659089742674,1683925357.1908908,2.7859126437070287,0.0,0.0,0.0,0.0,0.0,0.0,3.4407827155775688
293,2597196031.6847076,1.5283591760539412,0.0,0.0,630159120.2119862,0.9199916300897214,0.0,0.0,0.0,0.0,0.0,0.0,2.4483508061436625
294,244263337.10597545,0.17983883970084122,3152843.177685465,0.0031491765157322066,1577594807.1537585,2.8123013416316964,0.0,0.0,0.0,0.0,0.0,0.0,2.9952893578482698
295,184508256.1722992,0.11659046532237402,0.0,0.0,1892216873.8047426,2.875291334281357,0.0,0.0,0.0,0.0,0.0,0.0,2.991881799603731
296,230733149.7056513,0.1791138390970367,0.0,0.0,1503279912.8071942,2.83585093543844,0.0,0.0,0.0,0.0,0.0,0.0,3.0149647745354766
297,2415556780.9210787,1.5738128908727045,0.0,0.0,1402636483.5013382,2.2332258903762443,0.0,0.0,0.0,0.0,0.0,0.0,3.8070387812489486
298,1936787714.4516375,1.5536179000966537,0.0,0.0,784125207.0013343,1.544555705578984,0.0,0.0,0.0,0.0,0.0,0.0,3.0981736056756377
299,1600511932.7274625,1.569066669329012,0.0,0.0,845310297.0097313,2.0375254261791493,0.0,0.0,0.0,0.0,0.0,0.0,3.6065920955081614
300,1841553155.2687206,1.5761174202283832,0.0,0.0,1243002404.95519,2.6565408196676445,0.0,0.0,0.0,0.0,0.0,0.0,4.232658239896027
301,2007710337.7224398,1.5755987564511684,0.0,0.0,1300929074.6519494,2.4912139814393512,0.0,0.0,0.0,0.0,0.0,0.0,4.06681273789052
302,2220498018.6748557,1.5488604144595763,3059165.8235695483,0.0029636010763159307,1489696458.8707905,2.5750004894525316,0.0,0.0,0.0,0.0,0.0,0.0,4.126824504988424
303,3193289591.8798327,1.5783674560508072,107569458.92108417,0.07306651982019366,2151581378.9979787,2.6537649662863823,0.0,0.0,0.0,0.0,0.0,0.0,4.305198942157383
304,1797673910.8976765,1.5292676870234143,99156895.34932151,0.11066646719265816,1211081109.9210901,2.5510264278300943,0.0,0.0,0.0,0.0,0.0,0.0,4.190960582046166
305,2534609852.1298127,1.5750138519163068,10211321.070012847,0.008547351421406519,1660031106.1835036,2.5324184376902257,0.0,0.0,0.0,0.0,0.0,0.0,4.1159796410279395
306,2242886143.9965076,1.5684121518599126,0.0,0.0,1458972643.4289222,2.492103067852024,0.0,0.0,0.0,0.0,0.0,0.0,4.060515219711936
307,138921383.4784409,0.11630841050720625,42196122.58510787,0.047000900350778786,1422890268.2156146,2.8609689654669888,0.0,0.0,0.0,0.0,0.0,0.0,3.024278276324974
308,199211031.0670377,0.11316897319313575,0.0,0.0,2076523458.149917,2.838734576623368,0.0,0.0,0.0,0.0,0.0,0.0,2.9519035498165036
309,1720730074.9863415,1.572487256511676,7564818.473839851,0.009797961872487014,1167505734.1108596,2.6704626230112414,0.0,0.0,0.0,0.0,0.0,0.0,4.252747841395404
310,432057688.8655238,0.3328815339197642,717497199.9290968,0.6885169201536789,1426218119.0171528,2.631471658650677,0.0,0.0,0.0,0.0,0.0,0.0,3.65287011272412
311,2722548649.357173,1.5358313059840092,0.0,0.0,1328146056.3829124,1.8454363790173332,0.0,0.0,0.0,0.0,0.0,0.0,3.381267685001342
312,2655078460.849175,1.5711100359214931,0.0,0.0,1769144109.4396234,2.593502477436032,0.0,0.0,0.0,0.0,0.0,0.0,4.164612513357525
313,2074246116.0711079,1.5283591760539412,0.0,0.0,1394969722.644518,2.5421724290847667,30011078.30329953,0.009809038841151349,0.0,0.0,0.0,0.0,4.080340643979859
314,439969002.7139697,0.30566198303866043,53460365.74877379,0.04910030783174296,1680578976.9493961,2.8648892849946064,0.0,0.0,0.0,0.0,0.0,0.0,3.2196515758650097
315,1520448550.8131433,1.0221233945396393,10341758.9596426,0.00969376950721697,1653363138.3353655,2.7952677052181856,660674.9825040828,0.00029683133833859803,0.0,0.0,0.0,0.0,3.8273817006033806
316,2616662441.741861,1.5427317434860353,0.0,0.0,621845083.4275738,0.9010163815177352,0.0,0.0,0.0,0.0,0.0,0.0,2.4437481250037703
317,1790368964.5427976,1.5214708223725315,0.0,0.0,419738715.4875489,0.8760252238739958,0.0,0.0,0.0,0.0,0.0,0.0,2.3974960462465273
318,1947252021.4376173,1.5641211080015731,0.0,0.0,1273933101.8110352,2.506017358241753,0.0,0.0,0.0,0.0,0.0,0.0,4.070138466243327
319,2487602567.875632,1.5385655320800182,36064790.74196614,0.0293455005921631,1470018988.6477554,2.2375740097398844,0.0,0.0,0.0,0.0,0.0,0.0,3.805485042412066
320,663113734.8150315,0.5041771098077495,108796555.02399524,0.11087419627028916,1496234794.5193539,2.8151781814691152,0.0,0.0,0.0,0.0,0.0,0.0,3.430229487547154
321,2495254484.36579,1.5444949196278448,0.0,0.0,85280454.81836107,0.1298248269286685,0.0,0.0,0.0,0.0,0.0,0.0,1.6743197465565134
322,1679179985.4563227,1.5251017067225432,0.0,0.0,1153916797.9014359,2.622314186757333,0.0,0.0,0.0,0.0,0.0,0.0,4.147415893479876
323,1900837433.0217645,1.4027691573338716,0.0,0.0,1438854868.08076,2.6518305333652714,0.0,0.0,0.0,0.0,0.0,0.0,4.054599690699143
324,900288350.3171463,0.646237114200662,0.0,0.0,1579804991.7817392,2.818113555809981,0.0,0.0,0.0,0.0,0.0,0.0,3.464350670010643
325,137826957.8027933,0.1152109821278662,0.0,0.0,1424350859.6840658,2.8657733984540723,0.0,0.0,13289931.201346453,0.014050737479004255,0.0,0.0,2.995035118060943
326,177398125.26844886,0.1112114936077731,3773039.435813658,0.003226100550971165,1867338708.1339214,2.8178160550547133,40023198.45376339,0.010909992085626893,0.0,0.0,0.0,0.0,2.9431636412990843
327,2690091998.12543,1.5128796867817975,21846801.46829273,0.016434914450486234,1329638920.0402222,1.8486993532096332,0.0,0.0,0.0,0.0,0.0,0.0,3.3780139544419168
328,1878649522.4461815,1.1708069034771351,50002016.52224885,0.042253307801730575,1705980111.3804815,2.6424914151203978,0.0,0.0,0.0,0.0,0.0,0.0,3.8555516263992633
329,416512972.58892596,0.3042302430728359,151606742.13561818,0.14623650802188293,1595697154.066431,2.8610215195454463,0.0,0.0,0.0,0.0,0.0,0.0,3.311488270640165
330,2439617187.422989,1.5604055007236477,50598209.89101942,0.045052071147632655,1663957589.0182161,2.6662673026714905,0.0,0.0,0.0,0.0,0.0,0.0,4.271724874542771
331,242999448.90182537,0.21282146852888176,16690299.689502625,0.019576727063070475,1335710935.2914233,2.8480645011891284,0.0,0.0,0.0,0.0,0.0,0.0,3.0804626967810806
332,3189895307.158075,1.5762728475930992,0.0,0.0,2125902646.6289685,2.6049005033008426,0.0,0.0,0.0,0.0,0.0,0.0,4.181173350893942
333,1662361167.3439713,1.165857874918976,0.0,0.0,1510804696.601413,2.631948011503098,0.0,0.0,0.0,0.0,0.0,0.0,3.797805886422074
334,1107957267.8079245,0.7385089118461903,0.0,0.0,1690885961.665426,2.803375170935396,0.0,0.0,0.0,0.0,0.0,0.0,3.5418840827815865
335,2661851157.787849,1.5761174202283832,0.0,0.0,1594381107.7828946,2.3486379022418857,0.0,0.0,0.0,0.0,0.0,0.0,3.924755322470269
336,2344967016.672381,1.5558756639846805,0.0,0.0,1557444249.9672933,2.549142439317612,0.0,0.0,0.0,0.0,0.0,0.0,4.105018103302292
337,1942374964.9208016,1.511637092198577,0.0,0.0,1334565136.5732136,2.59299229829212,0.0,0.0,0.0,0.0,0.0,0.0,4.104629390490697
338,2175647353.710976,1.4202975075890354,0.0,0.0,1633261422.6610112,2.6586178010735924,50857361.80875622,0.015391248727236368,0.0,0.0,0.0,0.0,4.0943065573898645
339,1831686799.5019066,1.2035193464818559,0.0,0.0,1658426062.361766,2.7218333533285444,767452.4053017679,0.00021236594711164828,0.0,0.0,0.0,0.0,3.9255650657575116
340,3121731305.3829823,1.5342518516839907,0.0,0.0,1511424543.422241,1.8212357919610804,0.0,0.0,0.0,0.0,0.0,0.0,3.355487643645071
341,1797539024.988124,1.5291237250569838,0.0,0.0,599587265.6011825,1.2526200363597533,0.0,0.0,0.0,0.0,0.0,0.0,2.7817437614167373
342,2652934606.953649,1.5398952408244841,49923279.14398953,0.038557842289499315,1767055653.798636,2.5277323578837216,0.0,0.0,0.0,0.0,0.0,0.0,4.106185440997705
343,2463559638.2067947,1.5795624884202644,50377198.44195844,0.04472809470615456,1655019872.4955995,2.6441881602248656,0.0,0.0,0.0,0.0,0.0,0.0,4.2684787433512845
344,1819690008.3435886,1.5023907712854483,0.0,0.0,162200438.8121371,0.3337036803931511,0.0,0.0,0.0,0.0,0.0,0.0,1.8360944516785995
345,1960809997.8114212,1.5777384573848745,0.0,0.0,765748943.8058046,1.5085080573193452,0.0,0.0,0.0,0.0,0.0,0.0,3.0862465147042197
346,144782564.10610875,0.11415163356164225,358741141.03627616,0.35738338126849584,1478203614.884495,2.7800317535175223,0.0,0.0,0.0,0.0,0.0,0.0,3.2515667683476606
347,139178258.13354406,0.11656598993239342,70303789.42897779,0.07769837918199421,1426313316.4421244,2.8713929817876007,0.0,0.0,0.0,0.0,0.0,0.0,3.065657350901988
348,2462742891.452667,1.5192989368369882,3451142.686999318,0.002973602497393704,1238273205.901843,1.90883530129406,8045057.339567454,0.003146311489905117,0.0,0.0,0.0,0.0,3.434254152118347
349,1581492534.349733,1.545783670906849,0.0,0.0,1050127505.52756,2.527503155024679,0.0,0.0,0.0,0.0,0.0,0.0,4.073286825931528
350,1715245239.2544446,1.5662264641818524,58231931.38465593,0.07326045663828988,1162296270.199241,2.6517633833825114,0.0,0.0,0.0,0.0,0.0,0.0,4.291250304202654
351,2218481901.483437,1.5471004728669264,0.0,0.0,1531805419.0235858,2.6890556386663294,0.0,0.0,0.0,0.0,0.0,0.0,4.236156111533256
352,239713429.88892367,0.1757697522070102,115703109.69468004,0.1122047495912964,1569815388.6144307,2.791494096810052,0.0,0.0,0.0,0.0,0.0,0.0,3.0794685986083588
353,2340234646.532206,1.5519496229380096,43552303.39222707,0.03829093275433938,1385347854.3464587,2.261830232646311,0.0,0.0,0.0,0.0,0.0,0.0,3.85207078833866
354,1980923620.1251519,1.549363793963176,0.0,0.0,1305699651.702978,2.5056455885284232,0.0,0.0,0.0,0.0,0.0,0.0,4.055009382491599
355,2130718286.9544196,1.5730366384314347,18878134.354931146,0.019657267084123062,1449714078.7769375,2.6829833026164542,0.0,0.0,0.0,0.0,0.0,0.0,4.275677208132012
356,1946721091.8083944,1.5635880850375274,0.0,0.0,1169708346.6349018,2.3368290412448443,0.0,0.0,0.0,0.0,0.0,0.0,3.9004171262823717
357,1802343829.1941593,1.5342518516839907,0.0,0.0,279430585.1069573,0.5831919521439173,0.0,0.0,0.0,0.0,0.0,0.0,2.117443803827908
358,2528577578.585777,1.5703327308863213,0.0,0.0,1655189222.3119586,2.5208194798493024,0.0,0.0,0.0,0.0,0.0,0.0,4.091152210735624
359,2219701999.5430703,1.5481655229660611,0.0,0.0,31843046.73792123,0.05435324927594844,0.0,0.0,0.0,0.0,0.0,0.0,1.6025187722420096
360,2093069839.162507,1.545760899942619,162215092.82299408,0.15250784375507542,1382200730.4142182,2.5056821991574045,0.0,0.0,0.0,0.0,0.0,0.0,4.203950942855099
361,2376052108.1915183,1.541690947567432,179814998.31703442,0.15752931096047418,1627011066.8180563,2.642916416070632,0.0,0.0,0.0,0.0,0.0,0.0,4.342136674598539
362,2915867312.784746,1.5558756639846805,0.0,0.0,1973373554.0118337,2.6249607732698457,0.0,0.0,0.0,0.0,0.0,0.0,4.180836437254526
363,137975241.30835754,0.11535967246912475,104401929.20865154,0.11449910195283645,1412803126.9354472,2.829847406680669,0.0,0.0,0.0,0.0,0.0,0.0,3.0597061811026305
364,2885820013.4675035,1.5358313059840092,0.0,0.0,1923321959.390147,2.5217292984974584,0.0,0.0,0.0,0.0,0.0,0.0,4.057560604481468
365,2102797400.326514,1.5547549938635237,17878998.811886985,0.018067759494339797,1399729784.3707724,2.5557753621688133,0.0,0.0,0.0,0.0,0.0,0.0,4.128598115526676
366,2935625670.968052,1.569066669329012,0.0,0.0,754477410.7765324,0.9864515850288113,0.0,0.0,0.0,0.0,0.0,0.0,2.5555182543578234
367,580827590.077721,0.4459416323556424,0.0,0.0,1507647911.6634939,2.86470577623488,0.0,0.0,0.0,0.0,0.0,0.0,3.3106474085905226
368,1956512044.0551047,1.573420863790942,0.0,0.0,516595082.68331504,1.0325648395062146,0.0,0.0,0.0,0.0,0.0,0.0,2.6059857032971565
369,2900706549.6744657,1.545760899942619,0.0,0.0,1913830814.220844,2.5021580506273433,0.0,0.0,0.0,0.0,0.0,0.0,4.047918950569962
370,2277722354.9309354,1.563374639842246,0.0,0.0,1523688773.7631278,2.5934280451964447,0.0,0.0,0.0,0.0,0.0,0.0,4.1568026850386905
371,1833945009.5875554,1.5679869353961988,0.0,0.0,1242812097.7890935,2.655909340691031,8518332.616314368,0.005017233276777575,0.0,0.0,0.0,0.0,4.228913509364007
372,2576232731.9457817,1.5128796867817975,0.0,0.0,1731156358.2190652,2.5067804193968626,0.0,0.0,0.0,0.0,0.0,0.0,4.0196601061786605
373,2082220749.8803642,1.5283565529340577,43759412.13862556,0.04479806194273403,1434116251.0988855,2.6383463400218807,0.0,0.0,0.0,0.0,0.0,0.0,4.211500954898672
374,2196675217.808993,1.528067501078216,0.0,0.0,1075622698.209275,1.8445607611500612,0.0,0.0,0.0,0.0,0.0,0.0,3.372628262228277
375,910231857.191036,0.6848221170757467,453693905.76766413,0.4373287086779629,1454470455.5199606,2.696284572264801,0.0,0.0,0.0,0.0,0.0,0.0,3.8184353980185106
376,2406233341.7188697,1.5662264641818524,0.0,0.0,1165412538.2052512,1.870095754079624,0.0,0.0,0.0,0.0,0.0,0.0,3.436322218261476
377,1831516319.035089,1.565392455570876,0.0,0.0,879311847.1530852,1.843289076426512,0.0,0.0,0.0,0.0,0.0,0.0,3.408681531997388
378,853134380.8612791,0.6461282921935483,0.0,0.0,1501046806.3622394,2.828896092386919,0.0,0.0,0.0,0.0,0.0,0.0,3.4750243845804674
379,436187499.4282074,0.2581562323432899,945185774.5166607,0.6939193704559964,1823371745.1673665,2.5411073847768257,0.0,0.0,0.0,0.0,0.0,0.0,3.493182987576112
380,144724000.22464183,0.11409615873394445,0.0,0.0,1487846476.6078553,2.808393426680563,49274416.52266169,0.02331415210915564,0.0,0.0,0.0,0.0,2.945803737523663
381,397609516.3236687,0.2578633158895941,11018088.69356336,0.009603668061823726,1787018694.0180519,2.8366460892148386,0.0,0.0,0.0,0.0,0.0,0.0,3.1041130731662565
382,2253649596.0053124,1.5427317434860353,0.0,0.0,408064586.894835,0.6856681993597751,0.0,0.0,0.0,0.0,0.0,0.0,2.2283999428458103
383,193794950.58627656,0.11741071864961325,58455512.91934003,0.04708783436842461,1979844949.4754863,2.8842436504515536,0.0,0.0,0.0,0.0,0.0,0.0,3.0487422034695917
384,2275019709.5534663,1.561055772581792,0.0,0.0,76498663.948948,0.12824877724039854,0.0,0.0,0.0,0.0,0.0,0.0,1.6893045498221906
385,193106801.6537807,0.11691215332986615,58564107.66905889,0.04726211127717811,1974042219.9435565,2.8713888037647313,81642945.34699902,0.02039005441172276,0.0,0.0,0.0,0.0,3.055953122783498
386,2412235319.54884,1.5711100359214931,0.0,0.0,716280528.1429597,1.1383581109980194,0.0,0.0,0.0,0.0,0.0,0.0,2.7094681469195123
387,2081500243.292105,1.535065960951545,0.0,0.0,1402771005.3400698,2.564466763747408,0.0,0.0,0.0,0.0,0.0,0.0,4.099532724698953
388,2111892529.032961,1.5556832961784108,66306156.14170111,0.064904037646196,867119924.9888867,1.5815918363415944,0.0,0.0,0.0,0.0,0.0,0.0,3.2021791701662012
389,2918279742.270589,1.5574855035081887,4102813.494633805,0.003115198817266294,2007773956.955905,2.6960737194323303,0.0,0.0,0.0,0.0,0.0,0.0,4.256674421757785
390,2422673623.613168,1.5796052898133226,0.0,0.0,1626099083.8617556,2.6408170039229724,1191071.4085289515,0.00043786407500934026,0.0,0.0,0.0,0.0,4.2208601578113045
391,2612221368.366055,1.3947715499077016,0.0,0.0,1960323968.619202,2.598029416280536,0.0,0.0,0.0,0.0,0.0,0.0,3.9928009661882378
392,1838179875.8729274,1.5216068795006068,0.0,0.0,1266572818.9510508,2.625799525299584,0.0,0.0,0.0,0.0,0.0,0.0,4.147406404800191
393,1871143789.2553785,1.5558756639846805,2287637.1443270543,0.002513300166454202,1228534324.720593,2.5034699473769937,0.0,0.0,0.0,0.0,0.0,0.0,4.0618589115281285
394,1719517644.9791315,1.5711031763198382,0.0,0.0,24379131.661877926,0.05435324927594844,0.0,0.0,0.0,0.0,0.0,0.0,1.6254564255957866
395,254784887.09703836,0.17793474928829894,0.0,0.0,1656271853.2943962,2.8027512170808624,0.0,0.0,0.0,0.0,0.0,0.0,2.9806859663691614
396,2177852675.070014,1.511637092198577,0.0,0.0,466928322.58625275,0.8089796731129242,0.0,0.0,0.0,0.0,0.0,0.0,2.320616765311501
397,2120473817.953617,1.5711100359214931,0.0,0.0,280363101.0808038,0.5107266939931228,0.0,0.0,0.0,0.0,0.0,0.0,2.081836729914616
398,2108828347.1458774,1.5528609350657918,15320791.086653804,0.014414306571251041,1013926922.0997758,1.8289080733952308,0.0,0.0,0.0,0.0,0.0,0.0,3.3961833150322738
399,157629803.59166425,0.11546491486388492,389049530.85208684,0.3603623586780648,1598229989.7205713,2.7909581591434574,0.0,0.0,0.0,0.0,0.0,0.0,3.266785432685407
400,2259048787.532986,1.5473600140920003,0.0,0.0,1122005793.2986846,1.9157507695797067,2455976.199810076,0.0009817662805795917,0.0,0.0,0.0,0.0,3.4640925499522868
401,1717733718.3329074,1.569066669329012,13990085.29501868,0.017192723099455517,478375754.9709699,1.084801039253391,0.0,0.0,0.0,0.0,0.0,0.0,2.671060431681859
402,2625657486.316503,1.5493731347298405,0.0,0.0,1735847385.3705316,2.5174868197370555,3381223.433540088,0.0012379160289972364,0.0,0.0,0.0,0.0,4.068097870495893
403,2286084981.343115,1.5705510957148516,0.0,0.0,76498663.948948,0.12824877724039854,0.0,0.0,0.0,0.0,0.0,0.0,1.6987998729552503
404,778409217.8652292,0.6220705663273326,16973122.18788371,0.018196999914502663,1377647853.8411427,2.7232981225754798,0.0,0.0,0.0,0.0,0.0,0.0,3.363565688817315
405,2874569117.354712,1.5283255896765082,0.0,0.0,1907010652.3581536,2.488094512882633,0.0,0.0,0.0,0.0,0.0,0.0,4.016420102559142
406,1682007466.888782,1.5283255896765082,0.0,0.0,123627450.98280355,0.2756383702859169,0.0,0.0,0.0,0.0,0.0,0.0,1.803963959962425
407,2131134937.4836707,1.573420863790942,0.0,0.0,431082513.5173352,0.7763826949011519,0.0,0.0,0.0,0.0,0.0,0.0,2.349803558692094
408,1061767945.9707543,0.8035158295870359,0.0,0.0,1482298732.8688815,2.7917344622462013,0.0,0.0,0.0,0.0,0.0,0.0,3.595250291833237
409,1871143789.2553785,1.5558756639846805,0.0,0.0,63823883.27450807,0.1306211731420192,0.0,0.0,0.0,0.0,0.0,0.0,1.6864968371266997
410,2915867312.784746,1.5558756639846805,0.0,0.0,1721582771.0806394,2.2596883835898693,0.0,0.0,0.0,0.0,0.0,0.0,3.81556404757455
411,2279095850.0961328,1.4184454316991415,0.0,0.0,1714206260.924289,2.662197538663029,0.0,0.0,0.0,0.0,0.0,0.0,4.08064297036217
412,2750623944.585097,1.5556832961784108,0.0,0.0,186580697.6702648,0.2588147633478713,7021489.471154465,0.0016777699674822989,0.0,0.0,0.0,0.0,1.8161758294937644
413,2681743440.728491,1.560847903937857,0.0,0.0,486761651.0149245,0.69846454615721,0.0,0.0,0.0,0.0,0.0,0.0,2.259312450095067
414,221556876.1810552,0.11688359283844085,111662793.3106009,0.07769950696657701,2270607683.328036,2.881417024863758,0.0,0.0,0.0,0.0,0.0,0.0,3.076000124668776
415,2333246271.060828,1.5461521323294762,211109146.65708315,0.17802441855342066,948496170.0862154,1.5451143162025172,0.0,0.0,0.0,0.0,0.0,0.0,3.269290867085414
416,2066795961.57442,1.5214708223725315,0.0,0.0,1062611705.145878,1.9272579310685856,0.0,0.0,0.0,0.0,0.0,0.0,3.448728753441117
417,154544664.42501852,0.11275498698736425,10454119.448784327,0.010314557320391445,1593445140.7998338,2.7790361483452206,40272921.44682148,0.0176329319008301,0.0,0.0,0.0,0.0,2.9197386245538066
418,150328844.07994467,0.11619435098777248,0.0,0.0,1544415631.1395602,2.870637462879124,0.0,0.0,0.0,0.0,0.0,0.0,2.986831813866896
419,1715414436.268872,1.566419502073718,7315304.763751687,0.00919931944980398,840851555.3169565,1.9057090646273045,0.0,0.0,0.0,0.0,0.0,0.0,3.4813278861508263
420,2046152174.3857234,1.5023907712854483,0.0,0.0,576188965.7989242,1.0455584535762017,0.0,0.0,0.0,0.0,0.0,0.0,2.54794922486165
421,2142838418.7281663,1.5471004728669264,0.0,0.0,882399435.2956963,1.577888582253273,0.0,0.0,0.0,0.0,0.0,0.0,3.1249890551201993
422,483152073.53028464,0.32599848760781963,0.0,0.0,1683619653.5616512,2.785131121011605,0.0,0.0,0.0,0.0,0.0,0.0,3.1111296086194247
423,1406112710.103185,1.1766270454302798,29942430.02363864,0.0341509969402294,1272866954.895199,2.645927012949001,0.0,0.0,0.0,0.0,0.0,0.0,3.85670505531951
424,2229042555.117884,1.5563194625062948,0.0,0.0,1487733119.9588294,2.5697029750170968,0.0,0.0,0.0,0.0,0.0,0.0,4.126022437523392
425,2465720821.840153,1.5216068795006068,0.0,0.0,882136671.6689457,1.3403641510855495,0.0,0.0,0.0,0.0,0.0,0.0,2.8619710305861563
426,2745344385.245266,1.5519496229380096,0.0,0.0,1128967379.8386126,1.5806986143715032,0.0,0.0,0.0,0.0,0.0,0.0,3.132648237309513
427,1110185492.7198074,0.7908570280355279,45402896.95830226,0.043638765238944784,1558977386.2739592,2.7619198466985684,0.0,0.0,0.0,0.0,0.0,0.0,3.596415639973041
428,1952561499.7639587,1.5216068795006068,0.0,0.0,1301141528.5553124,2.491856681730129,0.0,0.0,0.0,0.0,0.0,0.0,4.013463561230736
429,2532061973.7234263,1.5730366384314347,3435092.357848244,0.002945371509878813,1690230344.4882774,2.604762116559434,0.0,0.0,0.0,0.0,0.0,0.0,4.1807441265007474
430,1947868667.4066856,1.5647401810322903,0.0,0.0,1309009521.0992675,2.614792089194893,0.0,0.0,0.0,0.0,0.0,0.0,4.179532270227183
431,273313666.61658067,0.2070680909619692,195547785.6763544,0.19369227432152575,1507433935.0684874,2.7664252272511805,0.0,0.0,0.0,0.0,0.0,0.0,3.1671855925346755
432,2136498398.8748145,1.5783674560508072,0.0,0.0,1029154634.5945148,1.8722579202215264,0.0,0.0,0.0,0.0,0.0,0.0,3.450625376272334
433,2773500806.509439,1.571873586189498,0.0,0.0,1924464814.150012,2.7632084604149982,0.0,0.0,0.0,0.0,0.0,0.0,4.335082046604496
434,2054021607.9131007,1.5023907712854483,71069511.84755367,0.07169588542917696,1426437238.7298515,2.6164803564760257,0.0,0.0,0.0,0.0,0.0,0.0,4.190567013190651
435,1969249884.6757305,1.5379398535417093,0.0,0.0,1373223371.6546679,2.7106940272794384,0.0,0.0,0.0,0.0,0.0,0.0,4.2486338808211475
436,2515780281.7562675,1.5604055007236477,0.0,0.0,84622546.61048186,0.12824877724039854,0.0,0.0,0.0,0.0,0.0,0.0,1.6886542779640463
437,1985131312.5221012,1.5534822354360518,0.0,0.0,137205814.630544,0.26606774758042484,0.0,0.0,0.0,0.0,0.0,0.0,1.8195499830164765
438,2474432788.926273,1.5283591760539412,0.0,0.0,1494353082.8154385,2.289485090787689,0.0,0.0,0.0,0.0,0.0,0.0,3.81784426684163
439,1676114820.2998345,1.5216068795006068,0.0,0.0,207768948.3607645,0.4636785968545,171881.4121998187,6.621910771500529e-05,0.0,0.0,0.0,0.0,1.9853516954628219
440,2655069182.6527767,1.5711031763198382,54874051.6655065,0.045232247828277485,1798443109.462029,2.660384925446476,0.0,0.0,0.0,0.0,0.0,0.0,4.276720349594592
441,2411860145.075036,1.5708047362726911,21530631.727133945,0.019910482675833882,1652813432.8632758,2.708137929302274,11413057.77169248,0.00513780304428914,19769540.9251756,0.017210429051542173,0.0,0.0,4.321201380346631
442,2132862314.6953528,1.5750138519163068,35699508.92035301,0.03338457224802115,238985767.33067015,0.4325305759978891,0.0,0.0,0.0,0.0,0.0,0.0,2.040929000162217
443,2388675225.425093,1.5519496229380096,0.0,0.0,1573469672.866148,2.5084162274162947,0.0,0.0,0.0,0.0,0.0,0.0,4.060365850354304
444,2229710776.70498,1.5569029353197117,0.0,0.0,341805027.39594024,0.5835694699120809,0.0,0.0,0.0,0.0,0.0,0.0,2.1404724052317925
445,2117722769.5921268,1.561055772581792,9158633.827282043,0.009367398427220884,1423330514.2804644,2.607650400486833,398998.14601076994,0.00017855555129888315,0.0,0.0,0.0,0.0,4.178252127047145
446,2369532525.438726,1.5762728475930992,0.0,0.0,480020228.22335166,0.7799968853724593,0.0,0.0,0.0,0.0,0.0,0.0,2.3562697329655586
447,2522105845.532704,1.5653117269785592,22185742.65812682,0.019220546755835736,1698184091.0424461,2.623871606131121,0.0,0.0,0.0,0.0,0.0,0.0,4.208403879865516
448,2858161164.838336,1.5173790817602546,0.0,0.0,331710236.68398416,0.436196462332388,0.0,0.0,0.0,0.0,0.0,0.0,1.9535755440926426
449,2474389453.1380463,1.5283255896765082,0.0,0.0,1724824756.709293,2.6878202640689213,0.0,0.0,0.0,0.0,0.0,0.0,4.216145853745429
450,2321608421.6554914,1.5364995767301015,0.0,0.0,173435962.55771697,0.28466938381422924,0.0,0.0,0.0,0.0,0.0,0.0,1.8211689605443309
451,1980409331.8624613,1.5488604144595763,0.0,0.0,67011125.12822812,0.12824877724039854,0.0,0.0,0.0,0.0,0.0,0.0,1.677109191699975
452,338385870.96298826,0.2614279543693522,52178849.38664639,0.053993233672881794,1512316380.4284935,2.8613387781234283,0.0,0.0,0.0,0.0,0.0,0.0,3.1767599661656623
453,2171664641.360013,1.5731662651732994,3109827.985458538,0.0032814356411890074,1498056729.5795755,2.7413116516288123,0.0,0.0,0.0,0.0,0.0,0.0,4.317759352443301
454,2307868535.763389,1.5251017067225432,0.0,0.0,902309268.1179416,1.472363545482547,0.0,0.0,0.0,0.0,0.0,0.0,2.99746525220509
455,258147254.38599572,0.16200874309443694,697865632.7581825,0.5482425172584616,1830233129.7125065,2.732904793819011,0.0,0.0,0.0,0.0,0.0,0.0,3.4431560541719097
456,163742282.4351384,0.11335118368441152,529257282.1652861,0.456524224259253,1654989937.1775415,2.713201536870177,0.0,0.0,0.0,0.0,0.0,0.0,3.2830769448138417
457,316560857.0201956,0.2595578384821241,17775422.12245521,0.01968014580832178,1407313747.0892794,2.8131907534054754,0.0,0.0,0.0,0.0,0.0,0.0,3.092428737695921
458,1977242400.864448,1.545760899942619,33860168.31914546,0.0337768350488043,456248606.00844246,0.8751234628617306,0.0,0.0,52403235.80020444,0.048667154703924256,0.0,0.0,2.5033283525570784
459,149866811.18853596,0.11576655781729757,6706629.654577373,0.007075410042279666,1545878751.2682528,2.8751192514180945,0.0,0.0,0.0,0.0,0.0,0.0,2.9979612192776717
460,1978611204.9258761,1.5471004728669264,15263306.22605413,0.01566429006699311,361670753.69044983,0.6984199247447078,0.0,0.0,0.0,0.0,0.0,0.0,2.2611846876786275
461,2228104640.637126,1.5555006780975962,0.0,0.0,1476080107.4546378,2.5382596870916156,0.0,0.0,0.0,0.0,0.0,0.0,4.093760365189212
462,1478570896.3236556,1.0284778675814528,29516417.08865655,0.0271650026148564,1587414040.8963742,2.7622964908805154,0.0,0.0,0.0,0.0,0.0,0.0,3.8179393610768244
463,2070302070.7076566,1.5173790817602546,0.0,0.0,1381107550.6449275,2.4874370063442117,0.0,0.0,0.0,0.0,0.0,0.0,4.004816088104466
464,164082526.27974236,0.11363449872347953,11079334.235075358,0.010409507511990448,1702819659.932282,2.8345881792956162,0.0,0.0,0.0,0.0,0.0,0.0,2.958632185531086
465,2355646255.154125,1.5647401810322903,10292022.291774828,0.009600133015774635,1424640058.1299133,2.362684165866032,0.0,0.0,56556653.45925854,0.049081250768666304,0.0,0.0,3.9861057306827634
466,148081017.57992205,0.11673869657484888,226025183.48349932,0.22912674936090094,1502997714.8500614,2.8344306831522084,0.0,0.0,0.0,0.0,0.0,0.0,3.1802961290879583
467,472966395.0647292,0.3614671224927429,408598072.9019384,0.39962889256779693,1465565520.5549414,2.727869708243718,0.0,0.0,0.0,0.0,0.0,0.0,3.4889657233042577
468,2389856205.8726163,1.5529095120394083,42947662.19746623,0.036442551109523935,1348429620.5673118,2.1521850623900067,0.0,0.0,0.0,0.0,0.0,0.0,3.741537125538939
469,2220254946.298878,1.548648222415905,0.0,0.0,1472173358.1398425,2.527719121855502,0.0,0.0,0.0,0.0,0.0,0.0,4.076367344271407
470,1810290166.5874941,1.5427317434860353,0.0,0.0,282587242.27137023,0.5936055896864176,19279580.066061147,0.0069531609857069595,0.0,0.0,0.0,0.0,2.1432904941581596
471,1959460355.209756,1.5283591760539412,0.0,0.0,1215488586.4055796,2.3468124072853978,0.0,0.0,0.0,0.0,0.0,0.0,3.875171583339339
472,2454460374.212377,1.5128796867817975,0.0,0.0,756991905.5565093,1.1524144331033264,0.0,0.0,0.0,0.0,0.0,0.0,2.665294119885124
473,1720192510.5846395,1.571873586189498,2447358.649805694,0.003235942237392961,1183309739.8766122,2.7266338268724235,0.0,0.0,0.0,0.0,0.0,0.0,4.3017433552993145
474,2011797892.9142435,1.5796052898133226,0.0,0.0,798086903.9400289,1.527413087991387,0.0,0.0,0.0,0.0,0.0,0.0,3.1070183778047094
475,2212283725.775875,1.541690947567432,19645928.4452376,0.01911666639552041,1364509648.9218593,2.3912204777068347,0.0,0.0,0.0,0.0,0.0,0.0,3.952028091669787
476,526968673.7331081,0.4375013011393117,8576471.793453168,0.009750547859168584,1377176136.618034,2.8263805863307696,0.0,0.0,56528725.2435007,0.06068847047537214,0.0,0.0,3.3343209058046224
477,1595263024.4580095,1.562638302055705,0.0,0.0,1069989871.9261707,2.602632449503354,0.0,0.0,0.0,0.0,0.0,0.0,4.165270751559059
478,2512644540.8503084,1.557973609082779,16834713.43599261,0.012808745578703387,1201537019.4364,1.820825656632524,0.0,0.0,0.0,0.0,0.0,0.0,3.3916080112940064
479,664682968.8775761,0.4400945064954211,324904841.74618083,0.27892437411830795,1717667692.8076062,2.798949182812593,0.0,0.0,0.0,0.0,0.0,0.0,3.5179680634263217
480,2904311054.296577,1.5481655229660611,0.0,0.0,1455704277.95233,1.9442877948554929,0.0,0.0,0.0,0.0,0.0,0.0,3.492453317821554
481,1864192283.0023246,1.548648222415905,0.0,0.0,209968517.9281616,0.4268984171496509,0.0,0.0,0.0,0.0,0.0,0.0,1.9755466395655559
482,462740772.4603756,0.3746718763775175,0.0,0.0,1401208909.7827535,2.794625655204712,0.0,0.0,0.0,0.0,0.0,0.0,3.1692975315822296
483,2518658926.353625,1.562638302055705,10794447.139954228,0.009241081843712959,1042820438.3969195,1.6112264509031442,0.0,0.0,0.0,0.0,0.0,0.0,3.1831058348025625
484,1977449259.7897415,1.5459633314464891,40257370.51163353,0.04328939758405855,1336114229.87899,2.597653586160789,0.0,0.0,0.0,0.0,0.0,0.0,4.186906315191337
485,2932616666.365592,1.5670570426364074,0.0,0.0,1910751315.499103,2.4958079599139675,0.0,0.0,0.0,0.0,0.0,0.0,4.0628650025503745
486,2282014282.8391914,1.5670570426364074,112549016.5845252,0.10495190293560863,1536980998.76513,2.628651708850576,0.0,0.0,0.0,0.0,0.0,0.0,4.300660654422592
487,469461427.86687434,0.4441630263944745,5028717.366798903,0.006332490816863434,1216301822.0565221,2.8420716163846063,0.0,0.0,0.0,0.0,0.0,0.0,3.292567133595944
488,2118192118.069345,1.5614883911908006,41878429.28936058,0.041988607105928034,1411034187.5358894,2.572631360105329,0.0,0.0,0.0,0.0,0.0,0.0,4.1761083584020575
489,311834531.63898903,0.2548489447314872,268021966.45495757,0.28324566732321066,1385256183.8668704,2.7463677279881584,0.0,0.0,0.0,0.0,0.0,0.0,3.2844623400428565
490,2216973244.709269,1.545783670906849,0.0,0.0,1483104989.4725015,2.5572130985390524,0.0,0.0,0.0,0.0,0.0,0.0,4.102996769445902
491,2247441534.7547154,1.3939011302541142,0.0,0.0,1693522935.658537,2.612649671731022,0.0,0.0,0.0,0.0,0.0,0.0,4.006550801985137
492,666911813.1586598,0.5100963800903746,0.0,0.0,1495051248.7906466,2.828177607464297,0.0,0.0,0.0,0.0,0.0,0.0,3.3382739875546714
493,201517935.3661445,0.11474576956321784,650306683.388696,0.4625988836264074,2020003551.7981856,2.7210919018232356,0.0,0.0,80652682.57855752,0.05105670551042309,0.0,0.0,3.3494932605232837
494,2346725994.6371517,1.5573352076627405,0.0,0.0,263177850.37541863,0.42700030238746894,0.0,0.0,0.0,0.0,0.0,0.0,1.9843355100502094
495,2455977578.4640245,1.5734940627728793,48721715.7058265,0.04255630174286982,1204852864.5995698,1.9188765362248372,72113822.18865652,0.019566681584513527,0.0,0.0,0.0,0.0,3.5544935823251
496,2399875904.014133,1.561055772581792,0.0,0.0,1574122363.4631467,2.5100558374815116,0.0,0.0,0.0,0.0,0.0,0.0,4.071111610063303
497,2369345417.460019,1.5761174202283832,0.0,0.0,358602662.7015809,0.5817105920052278,0.0,0.0,0.0,0.0,0.0,0.0,2.157828012233611
498,802434314.6672213,0.4442438408182877,0.0,0.0,2084334184.0046988,2.8537504943025804,0.0,0.0,0.0,0.0,0.0,0.0,3.297994335120868
499,2422673623.613168,1.5796052898133226,0.0,0.0,504718544.4858227,0.8170811058440834,0.0,0.0,0.0,0.0,0.0,0.0,2.3966863956574063
500,1380997445.6366115,0.7983815596647952,0.0,0.0,1939310965.794674,2.794525226952939,0.0,0.0,0.0,0.0,0.0,0.0,3.5929067866177338
501,1980192541.3957934,1.548648222415905,0.0,0.0,1300134321.1273682,2.4888097501531306,0.0,0.0,0.0,0.0,0.0,0.0,4.037457972569036
502,2179276170.7465115,1.5128796867817975,0.0,0.0,75135007.78976199,0.12824877724039854,0.0,0.0,0.0,0.0,0.0,0.0,1.6411284640221961
503,720250452.4967906,0.44069927281740096,381972029.2741617,0.30155127391062675,1856930347.085732,2.793836246129526,0.0,0.0,0.0,0.0,0.0,0.0,3.5360867928575535
504,2202658602.4671288,1.5332902949692457,0.0,0.0,1092565076.9849582,1.8902719738106089,0.0,0.0,0.0,0.0,0.0,0.0,3.423562268779855
505,1885039205.7244792,1.5703327308863213,0.0,0.0,1226576146.5629275,2.4971775998869057,0.0,0.0,0.0,0.0,0.0,0.0,4.067510330773227
506,918847435.8773627,0.7373214171322009,0.0,0.0,1403935038.9554524,2.8028202271321225,0.0,0.0,0.0,0.0,0.0,0.0,3.5401416442643234
507,1716851524.6572652,1.5680596939133338,0.0,0.0,818583633.7748238,1.827235312250873,0.0,0.0,0.0,0.0,0.0,0.0,3.395295006164207
508,1945775088.2799423,1.562638302055705,0.0,0.0,536250271.08763117,1.0618043848932992,0.0,0.0,0.0,0.0,0.0,0.0,2.6244426869490045
509,137223137.8361326,0.11460550550010568,42172383.73331267,0.046948172384993166,1418765356.3793244,2.8486306703590296,0.0,0.0,0.0,0.0,0.0,0.0,3.0101843482441284
510,1948241694.5129101,1.5173790817602546,54730343.36063414,0.053573792413805874,1301233294.5634437,2.4921342856676225,0.0,0.0,0.0,0.0,0.0,0.0,4.0630871598416824
511,2671958147.0045834,1.5537290305660454,0.0,0.0,38221210.807754144,0.05435324927594844,0.0,0.0,0.0,0.0,0.0,0.0,1.6080822798419938
512,1946653937.986858,1.5635206626372462,0.0,0.0,1280918923.3003066,2.52767937091952,0.0,0.0,0.0,0.0,0.0,0.0,4.091200033556766
513,2291283766.3970103,1.5750138519163068,0.0,0.0,1517259309.6160452,2.5763961842718888,0.0,0.0,0.0,0.0,0.0,0.0,4.151410036188196
514,2741687922.3508224,1.549363793963176,3522775.670801755,0.00268368274720345,1814347513.3027809,2.521382987618856,0.0,0.0,0.0,0.0,0.0,0.0,4.073430464329236
515,1559230189.2535253,1.4298377459706455,35685885.29835109,0.04561387799355565,1189526126.0490966,2.747880024658535,0.0,0.0,0.0,0.0,0.0,0.0,4.223331648622736
516,2512644540.8503084,1.557973609082779,0.0,0.0,84622546.61048186,0.12824877724039854,0.0,0.0,0.0,0.0,0.0,0.0,1.6862223863231776
517,1841553155.2687206,1.5761174202283832,0.0,0.0,1212290728.8421268,2.5550168938047437,0.0,0.0,0.0,0.0,0.0,0.0,4.131134314033127
518,572008493.5513811,0.5039454565833076,0.0,0.0,1283554361.9782448,2.790176708770668,33451850.36393256,0.01313980804219768,0.0,0.0,0.0,0.0,3.3072619733961734
519,2169384597.287341,1.5711031763198382,542957274.5586035,0.5107646112570681,1461522768.9429324,2.6381876977244296,0.0,0.0,0.0,0.0,0.0,0.0,4.7200554853013355
520,828973940.3993803,0.5521783671693701,0.0,0.0,1679058204.9132428,2.7738838240745287,23127754.08466719,0.009950605689686256,0.0,0.0,0.0,0.0,3.336012796933585
521,431999299.16462654,0.33127536710258504,221320357.6339065,0.22171182173643708,1490451253.1997151,2.798713749900257,74926270.75585783,0.02701563994624229,0.0,0.0,0.0,0.0,3.378716578685521
522,1987576608.457585,1.5558756639846805,0.0,0.0,14020853.13204765,0.026833712560585837,0.0,0.0,0.0,0.0,0.0,0.0,1.5827093765452662
523,401406471.4498198,0.2249599232328274,348988622.13260335,0.2535498192544787,2063955062.2126482,2.8117263091174043,16797993.717892215,0.00561607048975229,0.0,0.0,0.0,0.0,3.2958521220944625
524,1104412046.2293873,0.6413193176979074,0.0,0.0,1944160591.0070925,2.8051240070881116,0.0,0.0,0.0,0.0,0.0,0.0,3.446443324786019
525,164704809.48833686,0.11415266295877832,163819940.22340906,0.1479936149792955,1701469288.845192,2.8299613204022473,0.0,0.0,0.0,0.0,0.0,0.0,3.0921075983403212
526,1969024184.1236925,1.5377189942264071,0.0,0.0,1331221896.1255546,2.582853649439726,0.0,0.0,0.0,0.0,0.0,0.0,4.120572643666133
527,2152335113.325204,1.5556832961784108,18920844.855043374,0.019003419377315374,1073937677.1061237,1.942315672487215,0.0,0.0,556110443.8869458,0.4825990177105911,0.0,0.0,3.9996014057535327
528,1860197041.6585226,1.5444949196278448,0.0,0.0,1244945902.6245253,2.55620639049784,0.0,0.0,0.0,0.0,0.0,0.0,4.100701310125684
529,2000017031.8028414,1.5680596939133338,317099210.64539534,0.3245557432203715,1330584137.7126894,2.580924348490645,0.0,0.0,0.0,0.0,0.0,0.0,4.47353978562435
530,2422673623.613168,1.5796052898133226,0.0,0.0,1572691149.8182886,2.5064605163471576,0.0,0.0,0.0,0.0,0.0,0.0,4.08606580616048
531,2780075527.9038982,1.5765289066311818,0.0,0.0,424420187.05357575,0.5890273786124992,0.0,0.0,0.0,0.0,0.0,0.0,2.165556285243681
532,2510510919.8233604,1.5563194625062948,0.0,0.0,1686654608.2792375,2.5962280438941923,0.0,0.0,43942008.33747239,0.0323160724289083,0.0,0.0,4.184863578829395
533,455238540.92193085,0.253329061629323,8875680.567594424,0.006758672087276365,2050619328.1770465,2.784360964218134,0.0,0.0,0.0,0.0,0.0,0.0,3.0444486979347336
534,179504751.9214344,0.11280520339073892,901466997.1729892,0.6907526397213632,1775031089.9856234,2.6069163657352945,0.0,0.0,0.0,0.0,0.0,0.0,3.410474208847397
535,142563752.72155556,0.11204985724202476,44910572.1689914,0.047509911733215934,1480897111.0757494,2.788698914126565,0.0,0.0,139596051.56049356,0.12275332557579514,0.0,0.0,3.0710120086776005
536,1948241694.5129101,1.5173790817602546,36615243.07471359,0.037848506360402566,1308662652.4127812,2.5146090454836565,0.0,0.0,0.0,0.0,0.0,0.0,4.0698366336043135
537,1721547897.5187066,1.573420863790942,0.0,0.0,980262561.3652463,2.185494384817673,0.0,0.0,0.0,0.0,0.0,0.0,3.758915248608615
538,2344515017.0546823,1.5555006780975962,0.0,0.0,1533323086.4209757,2.4872939390007613,0.0,0.0,0.0,0.0,0.0,0.0,4.042794617098357
539,2347495318.1396713,1.557973609082779,0.0,0.0,1148862116.7231052,1.8636371995026744,0.0,0.0,0.0,0.0,0.0,0.0,3.421610808585453
540,2178732359.923644,1.5795624884202644,0.0,0.0,660063725.5946072,1.182749430932297,0.0,0.0,0.0,0.0,0.0,0.0,2.7623119193525616
541,2229042555.117884,1.5563194625062948,3216092.5585698923,0.003274473944990417,1549463517.6372335,2.737148771470062,0.0,0.0,0.0,0.0,0.0,0.0,4.296742707921347
542,341096532.94683385,0.26397621616451594,223451592.29114407,0.2247087990587128,1507938673.1628547,2.8485352199221623,0.0,0.0,0.0,0.0,0.0,0.0,3.337220235145391
543,2066795961.57442,1.5214708223725315,0.0,0.0,1405180460.1611955,2.57135656330744,0.0,0.0,0.0,0.0,0.0,0.0,4.092827385679971
544,377472724.83330846,0.2564634155441215,0.0,0.0,1690428397.4490874,2.802255825947286,0.0,0.0,0.0,0.0,0.0,0.0,3.0587192414914073
545,2242635559.3903656,1.5332902949692457,109549840.26956128,0.10088065705501872,1531271527.4886599,2.613521924645524,0.0,0.0,0.0,0.0,0.0,0.0,4.247692876669788
546,1781351734.5155952,1.3955086895979032,0.0,0.0,1336761568.981197,2.5996118699232205,0.0,0.0,0.0,0.0,0.0,0.0,3.9951205595211237
547,2413927748.506834,1.572487256511676,0.0,0.0,1608276465.2141688,2.5958536247591084,0.0,0.0,0.0,0.0,0.0,0.0,4.168340881270785
548,2403644665.247457,1.5641211080015731,3448974.8751550056,0.0032648921896716422,1663133176.056585,2.7346190976635167,0.0,0.0,0.0,0.0,0.0,0.0,4.302005097854762
549,1825816953.435804,1.5593047935986686,0.0,0.0,1222590088.2441578,2.5889939113097946,0.0,0.0,0.0,0.0,0.0,0.0,4.148298704908463
550,164928290.19609454,0.11718140818677107,38930295.51760595,0.036594124940080894,1684230121.8678179,2.8748537950576747,8498370.453697335,0.0035402116450783954,0.0,0.0,0.0,0.0,3.032169539829605
551,193404830.2864982,0.11712807568845447,0.0,0.0,1980768953.8606093,2.8863157988674906,0.0,0.0,0.0,0.0,0.0,0.0,3.003443874555945
552,2407254349.0521183,1.5670570426364074,0.0,0.0,778470792.4190446,1.243568220677167,0.0,0.0,0.0,0.0,0.0,0.0,2.8106252633135744
553,2661033111.516745,1.545783670906849,0.0,0.0,1288861687.3858726,1.839596938252832,0.0,0.0,0.0,0.0,0.0,0.0,3.3853806091596814
554,2446253808.0245514,1.56571365624295,154898339.80756983,0.13295850282955168,1639120855.3950634,2.604912282271501,0.0,0.0,0.0,0.0,0.0,0.0,4.303584441344002
555,125764878.3781788,0.11096305968824847,77779263.10941073,0.09020978912116416,1319586799.1700153,2.796387964658088,0.0,0.0,0.0,0.0,0.0,0.0,2.9975608134675005
556,2606519149.5138745,1.5352432582098636,0.0,0.0,225249401.75872093,0.3265839689183456,0.0,0.0,0.0,0.0,0.0,0.0,1.8618272271282093
557,1563782119.871952,1.0317929979384306,0.0,0.0,1660695901.9344993,2.727535368689257,0.0,0.0,0.0,0.0,0.0,0.0,3.7593283666276873
558,162057474.21742678,0.1119482736432946,50923807.44154047,0.047203496010678726,1689436225.0180411,2.800846424924446,0.0,0.0,270032322.8536331,0.21057751018975676,0.0,0.0,3.170575704768176
559,2217179091.5889945,1.5459633314464891,86955144.90054011,0.08213954923757204,1503346539.354907,2.611825606233764,0.0,0.0,0.0,0.0,0.0,0.0,4.239928486917825
560,902715732.0949287,0.6483738296249764,689683588.3981872,0.6273075827944585,1517162973.1583047,2.6491028948695234,0.0,0.0,0.0,0.0,0.0,0.0,3.9247843072889586
561,1836581900.820232,1.5708047362726911,0.0,0.0,384651584.94873285,0.8181327856987286,0.0,0.0,0.0,0.0,0.0,0.0,2.3889375219714197
562,2408248755.53096,1.5678660866969754,0.0,0.0,393653982.8606088,0.6270151329968056,0.0,0.0,0.0,0.0,0.0,0.0,2.194881219693781
563,2006414716.5812829,1.5743290112447443,0.0,0.0,1304824497.4971855,2.50299813487549,0.0,0.0,0.0,0.0,0.0,0.0,4.0773271461202345
564,2234227537.995905,1.560847903937857,139216280.267335,0.12943481513485486,1489435827.7481859,2.5742939523300614,3645483.3615379436,0.0010752591580082463,0.0,0.0,0.0,0.0,4.265651930560781
565,2321396978.903213,1.5363242036046925,0.0,0.0,79060539.1043241,0.12824877724039854,0.0,0.0,0.0,0.0,0.0,0.0,1.664572980845091
566,502366001.1273446,0.445100757968965,2535917.610143076,0.0030459098952788977,1297977021.7934475,2.8376962447907568,0.0,0.0,0.0,0.0,0.0,0.0,3.2858429126550006
567,1980132354.324966,1.5485893119953604,0.0,0.0,980046156.7961206,1.9072575768997135,0.0,0.0,0.0,0.0,0.0,0.0,3.455846888895074
568,2597192479.212048,1.5283565529340577,0.0,0.0,1743232872.7799802,2.534342826398261,0.0,0.0,11765248.152319625,0.008931224745688172,0.0,0.0,4.071630604078007
569,2104254687.905409,1.548648222415905,0.0,0.0,1385469693.5467944,2.499855038710902,0.0,0.0,0.0,0.0,0.0,0.0,4.0485032611268075
570,2167133952.753213,1.569066669329012,0.0,0.0,454448815.0757117,0.8185922723756747,0.0,0.0,0.0,0.0,0.0,0.0,2.3876589417046867
571,763840632.9674537,0.5688578415550879,476650513.8788307,0.4573445828932309,1495291631.8070726,2.7325083470727387,0.0,0.0,0.0,0.0,0.0,0.0,3.7587107715210575
572,2685415834.307784,1.5635206626372462,0.0,0.0,38226798.46639482,0.054365809239978836,0.0,0.0,0.0,0.0,0.0,0.0,1.617886471877225
573,2499654175.0522537,1.5479045304950798,3518524.876251473,0.0030921212969521657,1525650740.5677245,2.3645878101308644,0.0,0.0,0.0,0.0,0.0,0.0,3.9155844619228963
574,1940642328.392547,1.5574855035081887,0.0,0.0,220328482.67986318,0.4322118664130721,0.0,0.0,0.0,0.0,0.0,0.0,1.9896973699212608
575,139035941.412603,0.1164232827464322,122237194.57158296,0.1332441604739019,1421854979.1891994,2.8570830614389773,0.0,0.0,0.0,0.0,0.0,0.0,3.1067505046593116
576,2270682761.309296,1.5573352076627405,3264007.016309426,0.0032541303041231226,1573900338.7639122,2.727384354420538,0.0,0.0,0.0,0.0,0.0,0.0,4.287973692387402
577,3187854965.8714123,1.5750138519163068,0.0,0.0,2082986974.4455304,2.5231160368470507,0.0,0.0,0.0,0.0,0.0,0.0,4.098129888763357
578,2221085355.184503,1.5493731347298405,46143507.77039129,0.044756287571234336,1517223719.5158575,2.6492874666259687,0.0,0.0,0.0,0.0,0.0,0.0,4.243416888927044
579,2332774593.0715837,1.545760899942619,3150380.9504391733,0.0028683654071628073,1558564897.1812744,2.5520158641188613,0.0,0.0,0.0,0.0,0.0,0.0,4.100645129468643
580,628111096.9540753,0.3857051345999532,407499572.4438208,0.3230939330008568,1859298006.1662824,2.7992399893113467,1901503.6308802944,0.0007234576193539278,0.0,0.0,0.0,0.0,3.5087625145315107
581,1978876403.2947114,1.5473600140920003,0.0,0.0,1316051746.3825586,2.536962001902852,0.0,0.0,0.0,0.0,0.0,0.0,4.084322015994852
582,2360587748.169393,1.5291237250569838,41199387.49984456,0.03429700212273239,564865438.337696,0.900756557081134,0.0,0.0,0.0,0.0,0.0,0.0,2.4641772842608503
583,136385991.13980833,0.11376606197949082,0.0,0.0,1399269869.51011,2.7892819249871184,15812306.327850396,0.007976718124588764,0.0,0.0,0.0,0.0,2.911024705091198
584,579759346.3833377,0.4428616931265541,0.0,0.0,1500364621.2279403,2.826936052975663,0.0,0.0,0.0,0.0,0.0,0.0,3.269797746102217
585,2279313969.9926143,1.5647401810322903,0.0,0.0,1255359436.090614,2.1045898629453323,0.0,0.0,0.0,0.0,0.0,0.0,3.669330043977623
586,2096350569.008496,1.5487940996052803,0.0,0.0,533176059.33728164,0.9668383478388838,0.0,0.0,0.0,0.0,0.0,0.0,2.515632447444164
587,126448355.71152836,0.1152779139065708,0.0,0.0,1301395354.9120002,2.8500161446277232,0.0,0.0,0.0,0.0,0.0,0.0,2.965294058534294
588,2633880499.001943,1.5554454124484138,0.0,0.0,1745452046.755001,2.5394076798373826,0.0,0.0,0.0,0.0,0.0,0.0,4.094853092285796
589,145083403.09635028,0.11443660427619205,110306976.75450836,0.11408868349616845,1502094166.346622,2.848354324246282,0.0,0.0,0.0,0.0,0.0,0.0,3.0768796120186424
590,2153684423.4703,1.5569029353197117,0.0,0.0,596020385.6208072,1.0568355096251485,0.0,0.0,0.0,0.0,0.0,0.0,2.61373844494486
591,2389796440.1601424,1.5528609350657918,213411806.2890744,0.18865570495851405,1646614264.2726455,2.6921705203884554,0.0,0.0,0.0,0.0,0.0,0.0,4.433687160412761
592,260230714.01874164,0.17807799379828393,621951234.07512,0.5331741464035594,1659895558.3810134,2.725524842795425,0.0,0.0,0.0,0.0,0.0,0.0,3.4367769829972685
593,1881279407.1991265,1.566419502073718,30417557.65896379,0.031486321893441235,1223793956.45739,2.4882373985783577,0.0,0.0,0.0,0.0,0.0,0.0,4.086143222545517
594,3182765375.6775513,1.571873586189498,0.0,0.0,2114631722.1074667,2.5833884808078187,0.0,0.0,0.0,0.0,0.0,0.0,4.155262066997317
595,2393044195.450312,1.5555006780975962,0.0,0.0,80697015.29591975,0.12824877724039854,0.0,0.0,0.0,0.0,0.0,0.0,1.6837494553379948
596,313700363.0405448,0.21520582587430506,3405469.69545108,0.003184648347963297,1725112233.8369596,2.889585796926708,0.0,0.0,0.0,0.0,0.0,0.0,3.1079762711489765
597,2637070458.1616488,1.5283591760539412,185144223.37595809,0.14319021303275306,1788617422.4566267,2.5761989977039663,0.0,0.0,0.0,0.0,0.0,0.0,4.2477483867906605
598,1262443619.4961905,0.7307142413488915,0.0,0.0,1938011439.0498745,2.7916940146053664,0.0,0.0,0.0,0.0,0.0,0.0,3.5224082559542578
599,2251108775.978701,1.5755987564511684,111974841.43928654,0.10701217664042288,1520064880.0216534,2.656932355154169,0.0,0.0,0.0,0.0,0.0,0.0,4.3395432882457605
600,486610351.370875,0.3288483281248113,10530069.832747068,0.009646268098620849,1687594948.2107337,2.7951523475925644,0.0,0.0,0.0,0.0,0.0,0.0,3.1336469438159966
601,2097717351.6937199,1.5500578595299197,0.0,0.0,14842198.810416875,0.026833712560585837,0.0,0.0,0.0,0.0,0.0,0.0,1.5768915720905055
602,423435303.2889565,0.29172366239522624,0.0,0.0,1643813200.6945732,2.770599006541857,0.0,0.0,0.0,0.0,0.0,0.0,3.0623226689370835
603,1062810398.1518774,0.8044862630357429,0.0,0.0,1488450222.5665581,2.809313709646115,0.0,0.0,0.0,0.0,0.0,0.0,3.613799972681858
604,165539955.15297377,0.11484807400105447,181080094.07494345,0.16310163955088294,1700400516.5824726,2.827357959081235,2091451.1209510127,0.0009121348798305307,0.0,0.0,0.0,0.0,3.106219807513003
605,2245333500.149775,1.5705510957148516,8197107.919645757,0.007401458467996312,297212326.03740823,0.5114175859724808,0.0,0.0,0.0,0.0,0.0,0.0,2.089370140155329
606,2634202638.516432,1.5556832961784108,0.0,0.0,264477453.10303625,0.3823542433709605,0.0,0.0,0.0,0.0,0.0,0.0,1.9380375395493714
607,2511263519.8970623,1.5569029353197117,0.0,0.0,1543547846.0001786,2.3474887140169147,558138.2311713535,0.0002211877774727559,0.0,0.0,0.0,0.0,3.9046128371140996
608,2096699934.7083414,1.541690947567432,0.0,0.0,386684185.73387617,0.7051217875393174,0.0,0.0,0.0,0.0,0.0,0.0,2.2468127351067495
609,1980923620.1251519,1.549363793963176,17144450.141355492,0.018457874939387088,1191647545.076501,2.314580861647813,17966681.333304092,0.007041538772930615,0.0,0.0,0.0,0.0,3.8894440693233068
610,2228534197.470175,1.5558756639846805,0.0,0.0,1461623447.10954,2.4992550417495742,0.0,0.0,0.0,0.0,0.0,0.0,4.055130705734255
611,269814570.5041503,0.25732120126756874,0.0,0.0,1213237713.8884356,2.8321431010021523,0.0,0.0,0.0,0.0,0.0,0.0,3.089464302269721
612,150824325.63639688,0.11665311405396958,96524681.47552231,0.09757090232760306,1547674843.0990305,2.8790181279982434,0.0,0.0,0.0,0.0,0.0,0.0,3.093242144379816
613,1310169055.513358,0.914885928176868,55594751.85678122,0.05155436938048237,1589884415.9564533,2.768842848634966,0.0,0.0,0.0,0.0,0.0,0.0,3.7352831461923164
614,2023911219.9687035,1.1866675590009903,0.0,0.0,1821418119.6862922,2.6499285513272937,49353601.82601956,0.01272598038966043,0.0,0.0,0.0,0.0,3.849322090717944
615,675121003.3662637,0.6300079611509967,0.0,0.0,1201483335.7731175,2.789860999815284,0.0,0.0,0.0,0.0,0.0,0.0,3.4198689609662805
616,2650678430.3439627,1.5678571178869865,3367721.63604482,0.0026770473456832447,1533998050.3839822,2.2274131272002244,0.0,0.0,0.0,0.0,0.0,0.0,3.797947292432894
617,2535006245.016905,1.5753214861837106,0.0,0.0,1231187194.9408588,1.8918540300458735,0.0,0.0,0.0,0.0,0.0,0.0,3.467175516229584
